id,first_name,last_name,email,gender,ip_address
1,Wilone,Plumridge,wplumridge0@dot.gov,Female,228.77.44.52
2,Humphrey,Nassy,hnassy1@craigslist.org,Male,161.9.47.111
3,Betta,Blanning,bblanning2@columbia.edu,Female,227.21.51.224
4,Clim,Coneybeare,cconeybeare3@soup.io,Male,152.182.57.164
5,Aubrey,Spada,aspada4@phpbb.com,Female,61.183.17.252
6,Samson,Itzhak,sitzhak5@berkeley.edu,Male,143.93.134.87
7,Oralle,Souten,osouten6@simplemachines.org,Female,202.64.197.31
8,Felisha,Brundle,fbrundle7@un.org,Female,202.153.138.106
9,Jecho,Dome,jdome8@privacy.gov.au,Male,248.63.105.112
10,Dana,Saylor,dsaylor9@sciencedaily.com,Male,133.233.157.114
11,Carlin,Thorogood,cthorogooda@opera.com,Female,239.62.250.193
12,Byrom,Del Monte,bdelmonteb@msu.edu,Male,177.192.13.96
13,Caldwell,Darton,cdartonc@acquirethisname.com,Male,232.111.146.32
14,Horatius,Hanton,hhantond@usatoday.com,Male,203.70.49.73
15,Clemmie,Birdwhistell,cbirdwhistelle@google.com.br,Female,164.32.225.32
16,Artemus,Cowope,acowopef@cdc.gov,Male,128.19.96.235
17,Rodge,Flewin,rflewing@admin.ch,Male,197.71.139.26
18,Dell,Cherry,dcherryh@purevolume.com,Male,131.186.8.122
19,Bobbee,Magee,bmageei@linkedin.com,Female,189.96.241.135
20,Reinhold,Beau,rbeauj@bluehost.com,Male,183.215.34.184
21,Janek,Disdel,jdisdelk@archive.org,Male,184.138.85.38
22,Morgen,Karolewski,mkarolewskil@webs.com,Female,106.182.162.10
23,Dierdre,Sowley,dsowleym@gizmodo.com,Female,25.42.7.59
24,Matias,Muller,mmullern@naver.com,Male,118.97.4.26
25,Bayard,Mouncey,bmounceyo@state.tx.us,Male,215.9.246.91
26,Ingelbert,Messom,imessomp@woothemes.com,Male,127.166.225.251
27,Doralyn,Lamberto,dlambertoq@dot.gov,Female,184.123.72.166
28,Julie,Genike,jgeniker@rakuten.co.jp,Male,50.148.57.37
29,Mitzi,Kleinzweig,mkleinzweigs@tamu.edu,Female,52.134.193.255
30,Yorker,Dickin,ydickint@europa.eu,Male,45.44.114.133
31,Jarad,Weekes,jweekesu@blogtalkradio.com,Male,254.90.245.77
32,Aldis,Marler,amarlerv@storify.com,Male,130.7.29.106
33,Farris,Plowright,fplowrightw@blogspot.com,Male,205.222.208.159
34,Pietra,Brabant,pbrabantx@weebly.com,Female,98.90.11.13
35,Natka,De Hoogh,ndehooghy@columbia.edu,Female,227.162.20.247
36,Tine,Watsam,twatsamz@aol.com,Female,129.230.222.177
37,Katrine,Catt,kcatt10@army.mil,Female,175.176.178.67
38,Meggie,Antonietti,mantonietti11@soundcloud.com,Female,120.233.244.117
39,Margette,Blunderfield,mblunderfield12@icio.us,Female,140.128.100.68
40,Drucy,Itzcovich,ditzcovich13@ifeng.com,Female,108.67.88.12
41,Hurleigh,Wyndham,hwyndham14@pen.io,Male,163.207.160.66
42,Mel,Matzeitis,mmatzeitis15@ameblo.jp,Male,24.61.245.128
43,Gaspar,Rayworth,grayworth16@adobe.com,Male,143.20.157.119
44,Jorge,Cicchillo,jcicchillo17@go.com,Male,191.151.51.87
45,Babita,Astin,bastin18@google.com.hk,Female,103.209.19.200
46,Nerissa,Peacham,npeacham19@sakura.ne.jp,Female,252.3.212.23
47,Karlens,Faulds,kfaulds1a@digg.com,Male,251.244.187.208
48,Arney,Grace,agrace1b@quantcast.com,Male,226.74.197.152
49,Jocko,Ducaen,jducaen1c@java.com,Male,58.31.139.84
50,Isis,Orth,iorth1d@xing.com,Female,50.95.200.214
51,Nahum,Waryk,nwaryk1e@vistaprint.com,Male,208.77.99.74
52,Blondelle,Karpenko,bkarpenko1f@apple.com,Female,217.225.33.5
53,Marijo,Dannehl,mdannehl1g@boston.com,Female,12.135.168.15
54,Dud,Parrington,dparrington1h@usnews.com,Male,198.184.55.33
55,Mikel,Hincham,mhincham1i@columbia.edu,Male,135.149.47.169
56,Lynnett,Wegenen,lwegenen1j@netvibes.com,Female,8.97.225.227
57,Clo,Kas,ckas1k@typepad.com,Female,40.107.114.103
58,Stanislaus,Dwyr,sdwyr1l@webnode.com,Male,255.254.44.253
59,Rickie,Comiam,rcomiam1m@sbwire.com,Female,133.198.55.80
60,Kim,Glossop,kglossop1n@yellowpages.com,Female,97.107.121.110
61,Kingsley,Peotz,kpeotz1o@exblog.jp,Male,54.248.39.49
62,Ceil,McGennis,cmcgennis1p@columbia.edu,Female,160.79.5.216
63,Liam,Gartshore,lgartshore1q@jalbum.net,Male,246.190.126.215
64,Rafferty,Dymoke,rdymoke1r@lulu.com,Male,15.209.25.224
65,Levon,Sands,lsands1s@dell.com,Male,44.18.57.149
66,Nikki,Holtum,nholtum1t@wix.com,Male,243.146.177.24
67,Orazio,Shrubsall,oshrubsall1u@yahoo.com,Male,88.193.230.131
68,Cathlene,Pearcey,cpearcey1v@google.es,Female,86.78.50.253
69,Jonas,Lightbourne,jlightbourne1w@google.ca,Male,64.195.246.84
70,Gaven,Inglis,ginglis1x@storify.com,Male,180.117.254.119
71,Dynah,Dyshart,ddyshart1y@geocities.com,Female,168.215.25.161
72,Malinde,Jemison,mjemison1z@nytimes.com,Female,187.10.245.96
73,Vachel,Breydin,vbreydin20@sfgate.com,Male,181.141.75.128
74,Gaelan,MacElroy,gmacelroy21@nytimes.com,Male,63.199.219.77
75,Aldous,Harrod,aharrod22@bbb.org,Male,74.234.188.151
76,Raynard,Sowte,rsowte23@wordpress.org,Male,125.195.73.154
77,Cecil,Thurley,cthurley24@wikipedia.org,Female,8.33.3.176
78,Haydon,Eakle,heakle25@opensource.org,Male,218.239.227.101
79,Yolane,McCord,ymccord26@rediff.com,Female,204.253.229.12
80,Gillan,Routledge,groutledge27@nbcnews.com,Female,185.194.31.12
81,Elmore,Donaway,edonaway28@php.net,Male,141.249.251.171
82,Kippar,Sleeny,ksleeny29@1und1.de,Male,185.224.174.71
83,Virgie,Howbrook,vhowbrook2a@imgur.com,Male,217.32.29.39
84,Lalo,Brisseau,lbrisseau2b@opensource.org,Male,232.153.144.37
85,Osmund,Whellams,owhellams2c@ifeng.com,Male,113.237.220.61
86,Garrik,Kike,gkike2d@weather.com,Male,65.252.108.199
87,Reider,Zavattiero,rzavattiero2e@squarespace.com,Male,232.132.246.92
88,Dal,Whaymand,dwhaymand2f@webs.com,Male,22.196.220.153
89,Sherwin,Harcase,sharcase2g@bizjournals.com,Male,164.136.33.234
90,Filberto,Satcher,fsatcher2h@ning.com,Male,110.68.179.17
91,Eleanor,Copes,ecopes2i@youtu.be,Female,113.184.15.51
92,Kile,Ellgood,kellgood2j@tamu.edu,Male,203.168.163.34
93,Ulrike,Loweth,uloweth2k@uiuc.edu,Female,157.239.61.75
94,Lannie,Barlthrop,lbarlthrop2l@wordpress.com,Male,161.40.88.67
95,Robinson,Harses,rharses2m@storify.com,Male,154.57.154.112
96,Krissie,Beardsworth,kbeardsworth2n@state.tx.us,Female,126.46.35.182
97,Thurston,Bauldry,tbauldry2o@gnu.org,Male,9.193.29.245
98,Lisabeth,St Quenin,lstquenin2p@wisc.edu,Female,211.65.162.71
99,Natividad,Bamlett,nbamlett2q@cornell.edu,Female,164.19.152.11
100,Bendite,Garard,bgarard2r@earthlink.net,Female,78.125.101.7
101,Winfield,Stollmeier,wstollmeier2s@woothemes.com,Male,130.156.62.216
102,Frank,Billborough,fbillborough2t@businesswire.com,Male,129.118.74.246
103,Blane,Bramall,bbramall2u@merriam-webster.com,Male,83.160.20.58
104,Shea,Hizir,shizir2v@ed.gov,Male,150.214.247.4
105,Kerry,Vern,kvern2w@amazon.co.jp,Female,111.215.47.254
106,Andrey,Reveland,areveland2x@macromedia.com,Male,216.89.53.57
107,Banky,O'Gleasane,bogleasane2y@google.co.jp,Male,126.29.226.153
108,Noble,Ormrod,normrod2z@yahoo.com,Male,22.149.92.168
109,Hewitt,Offa,hoffa30@google.com.hk,Male,222.40.210.0
110,Cullen,Pinnigar,cpinnigar31@chron.com,Male,98.5.33.130
111,Laure,Ransom,lransom32@slashdot.org,Female,191.161.235.73
112,Orelie,Gockelen,ogockelen33@mashable.com,Female,19.185.252.175
113,Mateo,Hefferan,mhefferan34@gmpg.org,Male,34.26.150.166
114,Chrissie,Banister,cbanister35@dedecms.com,Male,245.182.205.68
115,Thornton,Yeats,tyeats36@howstuffworks.com,Male,45.64.93.225
116,Kristal,Mansbridge,kmansbridge37@senate.gov,Female,13.134.190.106
117,Nathaniel,Stanmore,nstanmore38@sfgate.com,Male,190.148.198.7
118,Brian,Brunger,bbrunger39@dedecms.com,Male,87.185.154.31
119,Robinet,Straker,rstraker3a@about.me,Female,80.184.107.55
120,Dew,Hynde,dhynde3b@umich.edu,Male,10.154.228.192
121,Steward,Sindall,ssindall3c@usnews.com,Male,138.171.204.196
122,Philbert,Melland,pmelland3d@alexa.com,Male,251.246.76.107
123,Christina,Vegas,cvegas3e@arizona.edu,Female,214.253.155.174
124,Sergent,Abbess,sabbess3f@cmu.edu,Male,38.216.143.84
125,Dev,Jeskin,djeskin3g@acquirethisname.com,Male,167.97.58.108
126,Flossi,Brookhouse,fbrookhouse3h@trellian.com,Female,116.71.54.17
127,Prince,Putton,pputton3i@google.ru,Male,66.157.226.94
128,Allyce,Brocket,abrocket3j@infoseek.co.jp,Female,100.191.177.79
129,Guillaume,Tugwell,gtugwell3k@yahoo.co.jp,Male,55.58.126.198
130,Mauricio,Yedy,myedy3l@weather.com,Male,168.114.122.61
131,Binnie,Janovsky,bjanovsky3m@examiner.com,Female,255.216.161.2
132,Aloin,Halligan,ahalligan3n@oakley.com,Male,215.34.17.169
133,Abbe,Birdfield,abirdfield3o@360.cn,Male,75.249.98.170
134,Joyce,Grenfell,jgrenfell3p@dailymotion.com,Female,87.192.84.127
135,Quint,Lohrensen,qlohrensen3q@google.ca,Male,184.146.240.237
136,Tremayne,Walby,twalby3r@shinystat.com,Male,217.168.21.200
137,Klaus,Fearby,kfearby3s@psu.edu,Male,214.244.130.198
138,Natka,Condell,ncondell3t@merriam-webster.com,Female,253.148.248.46
139,Trent,Harms,tharms3u@gmpg.org,Male,170.131.133.180
140,Leonie,De Paoli,ldepaoli3v@com.com,Female,151.158.111.104
141,Sawyere,Dannehl,sdannehl3w@ft.com,Male,170.228.11.14
142,Winnie,Martindale,wmartindale3x@sciencedirect.com,Male,99.124.153.133
143,Fiann,Drydale,fdrydale3y@chron.com,Female,149.158.245.165
144,Micki,Flatman,mflatman3z@tumblr.com,Female,183.173.13.69
145,Dar,Cudworth,dcudworth40@berkeley.edu,Male,46.109.228.200
146,Blinni,Lembrick,blembrick41@yahoo.co.jp,Female,228.216.104.209
147,Trina,Stitfall,tstitfall42@apple.com,Female,255.254.30.60
148,Kirsteni,Rathmell,krathmell43@amazon.com,Female,197.255.149.235
149,Arvin,Gerhold,agerhold44@angelfire.com,Male,142.2.213.2
150,Yule,Perl,yperl45@bandcamp.com,Male,206.47.229.110
151,Sergio,Dunnett,sdunnett46@behance.net,Male,134.160.252.119
152,Tedman,Kendle,tkendle47@hubpages.com,Male,159.207.11.11
153,Abel,Snedker,asnedker48@vimeo.com,Male,61.149.210.85
154,Delmer,Rate,drate49@vkontakte.ru,Male,111.64.151.16
155,Kirbie,Paolini,kpaolini4a@usnews.com,Female,218.184.108.128
156,Wash,Jecock,wjecock4b@apache.org,Male,103.89.196.166
157,Enrika,Caplis,ecaplis4c@arstechnica.com,Female,239.191.41.25
158,Ginni,Mogra,gmogra4d@arizona.edu,Female,72.22.179.31
159,Ivette,Burleton,iburleton4e@1und1.de,Female,198.51.76.151
160,Billy,Chateau,bchateau4f@yelp.com,Female,84.214.76.110
161,Beauregard,Kingsley,bkingsley4g@techcrunch.com,Male,132.243.9.252
162,Jenifer,Raylton,jraylton4h@google.com.hk,Female,69.216.235.30
163,Constantia,Tivers,ctivers4i@a8.net,Female,88.102.82.78
164,Joyous,O'Hannen,johannen4j@sohu.com,Female,211.100.131.146
165,Nevin,Mortel,nmortel4k@deviantart.com,Male,189.239.73.26
166,Brit,Grice,bgrice4l@microsoft.com,Female,171.76.81.107
167,Ephrem,La Vigne,elavigne4m@nbcnews.com,Male,157.181.190.2
168,Lyn,Tynnan,ltynnan4n@example.com,Female,197.99.0.48
169,Rafaelita,Rown,rrown4o@theglobeandmail.com,Female,137.222.77.200
170,Genni,Colby,gcolby4p@msu.edu,Female,19.87.225.115
171,Charlton,Pontefract,cpontefract4q@wsj.com,Male,86.205.49.108
172,Agathe,Dabourne,adabourne4r@dropbox.com,Female,196.23.134.215
173,Abel,Hunsworth,ahunsworth4s@baidu.com,Male,210.252.233.233
174,Filia,Seeborne,fseeborne4t@nba.com,Female,200.15.54.89
175,Avie,Camocke,acamocke4u@nsw.gov.au,Female,169.73.111.16
176,Dale,Bucky,dbucky4v@nbcnews.com,Female,99.96.176.153
177,Griffie,Vell,gvell4w@thetimes.co.uk,Male,221.78.0.34
178,Marybeth,Neissen,mneissen4x@pcworld.com,Female,169.42.138.196
179,Angil,Tanfield,atanfield4y@over-blog.com,Female,29.64.44.13
180,Filippa,Rouse,frouse4z@slideshare.net,Female,84.212.149.239
181,Justis,Wallace,jwallace50@so-net.ne.jp,Male,85.64.66.158
182,Elladine,Samper,esamper51@odnoklassniki.ru,Female,31.84.52.178
183,Aubrie,Burbudge,aburbudge52@yellowpages.com,Female,162.55.93.53
184,Bancroft,Karolewski,bkarolewski53@storify.com,Male,133.170.136.5
185,Gabby,Nolli,gnolli54@ovh.net,Male,213.226.227.17
186,Flore,Samwayes,fsamwayes55@hao123.com,Female,208.141.161.65
187,Hillyer,Savil,hsavil56@godaddy.com,Male,37.28.172.91
188,Zorina,Gyves,zgyves57@flavors.me,Female,199.96.98.78
189,Devi,Heyward,dheyward58@columbia.edu,Female,27.65.35.41
190,Barbee,Anstey,banstey59@auda.org.au,Female,6.120.74.187
191,Guy,Greave,ggreave5a@netlog.com,Male,65.46.199.68
192,Nickolas,Graalmans,ngraalmans5b@list-manage.com,Male,195.96.135.96
193,Millicent,Gawler,mgawler5c@cmu.edu,Female,85.82.228.53
194,Nicolle,Joinson,njoinson5d@sourceforge.net,Female,33.16.24.196
195,Emlyn,Rampley,erampley5e@hud.gov,Female,40.197.75.74
196,Caria,Jillings,cjillings5f@list-manage.com,Female,68.207.215.91
197,Maurie,Hedge,mhedge5g@1und1.de,Male,140.94.249.176
198,Dynah,Espadas,despadas5h@omniture.com,Female,117.144.110.122
199,Claudell,Bellini,cbellini5i@angelfire.com,Male,178.151.145.228
200,Claudell,Dulson,cdulson5j@bluehost.com,Male,16.162.79.13
201,Lilas,Lovell,llovell5k@telegraph.co.uk,Female,202.33.70.68
202,Merilyn,Ripping,mripping5l@bing.com,Female,86.173.165.119
203,Alissa,Cornfield,acornfield5m@home.pl,Female,16.29.6.177
204,Jake,Fehners,jfehners5n@4shared.com,Male,142.168.252.46
205,Margarethe,Vanin,mvanin5o@theguardian.com,Female,121.42.79.234
206,Veradis,Rawlence,vrawlence5p@squidoo.com,Female,91.169.100.86
207,Grantley,Kenwin,gkenwin5q@sohu.com,Male,156.197.10.43
208,Iseabal,Eustice,ieustice5r@hao123.com,Female,67.118.2.173
209,Verina,Kersaw,vkersaw5s@bigcartel.com,Female,26.22.105.209
210,Virgil,Ells,vells5t@cbc.ca,Male,236.155.43.208
211,Fredericka,Kinningley,fkinningley5u@amazon.com,Female,234.82.79.74
212,Demetre,Dudmesh,ddudmesh5v@patch.com,Male,63.185.137.131
213,Bethanne,Ferron,bferron5w@census.gov,Female,84.149.79.29
214,Myriam,Rugge,mrugge5x@last.fm,Female,4.222.76.249
215,Tana,Zorer,tzorer5y@usatoday.com,Female,191.177.163.36
216,Lark,Hincks,lhincks5z@wisc.edu,Female,144.143.130.183
217,Harriette,Soares,hsoares60@addthis.com,Female,249.124.5.30
218,Isidor,Messom,imessom61@hubpages.com,Male,221.138.190.73
219,Tansy,Senett,tsenett62@behance.net,Female,165.170.58.34
220,Nert,Coupar,ncoupar63@theatlantic.com,Female,50.26.117.241
221,Butch,Lorrimer,blorrimer64@house.gov,Male,164.105.16.92
222,Aigneis,Dumbrill,adumbrill65@about.com,Female,29.6.73.93
223,Hermione,Glendining,hglendining66@guardian.co.uk,Female,72.4.31.69
224,Francklyn,Dotson,fdotson67@apache.org,Male,58.53.26.134
225,Jessie,Wennam,jwennam68@linkedin.com,Male,171.8.82.115
226,Willy,Isaak,wisaak69@multiply.com,Female,223.75.168.146
227,Koralle,McGarrie,kmcgarrie6a@uiuc.edu,Female,205.221.93.60
228,Valdemar,Topp,vtopp6b@amazon.co.uk,Male,91.238.203.87
229,Jock,De La Haye,jdelahaye6c@foxnews.com,Male,159.85.39.232
230,Othello,Wolford,owolford6d@xing.com,Male,231.14.253.143
231,Corrinne,Richemond,crichemond6e@shinystat.com,Female,59.160.83.85
232,Marie,Gueste,mgueste6f@earthlink.net,Female,30.130.165.219
233,Welbie,McPharlain,wmcpharlain6g@businessweek.com,Male,151.36.73.12
234,Lucien,Tomlin,ltomlin6h@angelfire.com,Male,150.249.191.209
235,Kareem,Imrie,kimrie6i@csmonitor.com,Male,104.3.235.2
236,Ewen,Utting,eutting6j@jimdo.com,Male,209.165.197.200
237,Danyette,Zukierman,dzukierman6k@wired.com,Female,91.112.81.118
238,Jethro,Pentecust,jpentecust6l@boston.com,Male,213.112.128.138
239,Guthrey,Matteini,gmatteini6m@google.pl,Male,25.198.213.55
240,Jannel,Powland,jpowland6n@dyndns.org,Female,14.191.93.134
241,Noami,Vaskov,nvaskov6o@google.com.br,Female,136.237.53.206
242,Dotti,Pettengell,dpettengell6p@google.co.jp,Female,183.79.71.52
243,Lambert,Fireman,lfireman6q@squarespace.com,Male,45.130.60.217
244,Mabelle,Ashwell,mashwell6r@whitehouse.gov,Female,16.12.24.1
245,Dan,Maplesden,dmaplesden6s@pcworld.com,Male,100.206.53.107
246,Sherye,Loveman,sloveman6t@hostgator.com,Female,70.68.191.119
247,Joelle,Dewane,jdewane6u@usgs.gov,Female,136.73.121.181
248,Nevile,Alfuso,nalfuso6v@slideshare.net,Male,179.92.64.247
249,Avigdor,Bridel,abridel6w@sogou.com,Male,220.96.175.51
250,Lindsey,Varcoe,lvarcoe6x@ftc.gov,Male,138.89.74.113
251,Charin,Danielou,cdanielou6y@engadget.com,Female,251.209.65.4
252,Conan,Prynne,cprynne6z@hubpages.com,Male,3.230.83.107
253,Fin,Carroll,fcarroll70@hhs.gov,Male,28.58.60.101
254,Maribel,Tamlett,mtamlett71@google.com.hk,Female,16.122.157.129
255,Kermit,Johansen,kjohansen72@php.net,Male,33.37.135.4
256,Cash,Roston,croston73@google.nl,Male,143.156.6.223
257,Ashley,Izzard,aizzard74@psu.edu,Male,17.214.79.63
258,Florella,Greaves,fgreaves75@samsung.com,Female,6.165.98.133
259,Bria,Mills,bmills76@pen.io,Female,4.81.111.75
260,Tabby,Borrott,tborrott77@about.me,Female,47.203.59.4
261,Blanch,O'Kinedy,bokinedy78@parallels.com,Female,6.25.131.201
262,Brig,Tatem,btatem79@alexa.com,Male,232.40.218.54
263,Iseabal,Brame,ibrame7a@archive.org,Female,204.150.128.114
264,Aretha,Cockson,acockson7b@slashdot.org,Female,63.251.56.176
265,Lief,Tomblin,ltomblin7c@ucoz.ru,Male,123.90.182.22
266,Holli,Sweedland,hsweedland7d@google.ru,Female,208.161.238.6
267,Merla,Rouf,mrouf7e@newsvine.com,Female,210.89.255.248
268,Julienne,Ridsdole,jridsdole7f@weibo.com,Female,206.65.72.39
269,Issiah,Edis,iedis7g@craigslist.org,Male,192.4.127.140
270,Christabella,Cadwell,ccadwell7h@jalbum.net,Female,228.238.219.159
271,Nanine,Colin,ncolin7i@hubpages.com,Female,205.13.68.89
272,Fairfax,Frosch,ffrosch7j@sogou.com,Male,208.58.180.178
273,Julita,Marchetti,jmarchetti7k@gravatar.com,Female,96.216.119.255
274,Rafferty,Alyonov,ralyonov7l@ftc.gov,Male,250.176.148.6
275,Trevor,Killby,tkillby7m@pagesperso-orange.fr,Male,226.77.206.117
276,Cherlyn,Deeves,cdeeves7n@foxnews.com,Female,62.166.27.2
277,Fayth,Duce,fduce7o@ebay.com,Female,130.249.101.123
278,Annadiana,Howsley,ahowsley7p@princeton.edu,Female,175.52.51.107
279,Gates,Inott,ginott7q@fda.gov,Female,150.203.1.204
280,Carine,Maffioletti,cmaffioletti7r@nhs.uk,Female,193.73.8.164
281,Margarethe,Geraldo,mgeraldo7s@mashable.com,Female,136.240.80.134
282,Shoshanna,Pattemore,spattemore7t@sourceforge.net,Female,156.26.222.238
283,Nicolas,Monaghan,nmonaghan7u@fc2.com,Male,99.250.73.122
284,Worthy,Shearman,wshearman7v@meetup.com,Male,44.85.198.86
285,Benito,O'Sharkey,bosharkey7w@phpbb.com,Male,186.250.66.235
286,Maryl,Scannell,mscannell7x@wikipedia.org,Female,70.140.84.69
287,Benson,Jean,bjean7y@theatlantic.com,Male,57.67.153.145
288,Warner,Rayner,wrayner7z@cmu.edu,Male,203.152.0.181
289,Ambrosius,Mirfin,amirfin80@hugedomains.com,Male,156.124.241.36
290,Carolyn,Pinckney,cpinckney81@multiply.com,Female,193.245.64.65
291,Jabez,Kernley,jkernley82@dedecms.com,Male,88.202.89.116
292,Brendon,Alphege,balphege83@huffingtonpost.com,Male,131.49.114.203
293,Elihu,Pieracci,epieracci84@amazonaws.com,Male,242.177.70.216
294,Thadeus,Peperell,tpeperell85@google.ru,Male,6.147.178.67
295,Kaleb,Beadle,kbeadle86@cornell.edu,Male,121.224.55.21
296,Corbett,Linkleter,clinkleter87@archive.org,Male,204.113.156.114
297,Tansy,Lounds,tlounds88@liveinternet.ru,Female,221.187.99.12
298,Nelle,Havelin,nhavelin89@nba.com,Female,192.12.82.249
299,Olenolin,De Bruijn,odebruijn8a@accuweather.com,Male,231.23.67.223
300,Carley,Wenderott,cwenderott8b@e-recht24.de,Female,7.4.127.207
301,Laird,Hagston,lhagston8c@hexun.com,Male,164.188.149.152
302,Ker,Nellies,knellies8d@ted.com,Male,91.174.42.254
303,Genevieve,Zeal,gzeal8e@foxnews.com,Female,37.184.231.125
304,Trula,Cloke,tcloke8f@google.fr,Female,214.229.30.110
305,Gaspar,Cutmare,gcutmare8g@spotify.com,Male,165.15.112.220
306,Gwenneth,Alexandrescu,galexandrescu8h@tumblr.com,Female,237.236.104.123
307,Duke,Tetsall,dtetsall8i@mail.ru,Male,13.17.239.185
308,Pierette,Mackett,pmackett8j@umich.edu,Female,225.144.220.105
309,Rufe,Grelik,rgrelik8k@macromedia.com,Male,125.118.212.231
310,Papagena,Wiggans,pwiggans8l@intel.com,Female,93.242.143.6
311,Zarla,Guerreru,zguerreru8m@free.fr,Female,62.19.252.130
312,Nikos,MacParlan,nmacparlan8n@chronoengine.com,Male,116.133.150.231
313,Theresita,Marfe,tmarfe8o@oakley.com,Female,14.217.76.139
314,Cloe,Duligall,cduligall8p@domainmarket.com,Female,102.147.185.130
315,Chery,Gawthorpe,cgawthorpe8q@github.com,Female,210.158.56.181
316,Wesley,Flanders,wflanders8r@arizona.edu,Male,194.52.40.95
317,Terri,Connelly,tconnelly8s@icq.com,Male,156.139.81.69
318,Kaylee,Drepp,kdrepp8t@wsj.com,Female,203.34.220.128
319,Maje,Brompton,mbrompton8u@bluehost.com,Male,67.249.182.70
320,Keelia,Munning,kmunning8v@addtoany.com,Female,194.131.78.89
321,Natalee,De Cruce,ndecruce8w@nasa.gov,Female,168.119.176.148
322,Feliks,Vassel,fvassel8x@i2i.jp,Male,204.52.14.216
323,Fannie,Smithyman,fsmithyman8y@list-manage.com,Female,96.5.192.91
324,Isabeau,Amesbury,iamesbury8z@elegantthemes.com,Female,46.187.85.153
325,Mariquilla,Geertsen,mgeertsen90@eepurl.com,Female,221.165.225.127
326,Demetrius,Petticrew,dpetticrew91@google.es,Male,113.123.121.22
327,Bob,Hyman,bhyman92@bandcamp.com,Male,135.186.201.60
328,Wakefield,Bergin,wbergin93@dion.ne.jp,Male,73.70.118.177
329,Carlos,Frankland,cfrankland94@merriam-webster.com,Male,169.239.177.20
330,Lester,Bradlaugh,lbradlaugh95@vimeo.com,Male,240.200.134.186
331,Adey,Tripp,atripp96@theatlantic.com,Female,253.187.238.0
332,Valeria,Harroway,vharroway97@pcworld.com,Female,92.82.252.92
333,Myrilla,Everix,meverix98@wikimedia.org,Female,238.142.52.162
334,Rosana,Jennick,rjennick99@ycombinator.com,Female,10.18.16.113
335,Aristotle,Peterson,apeterson9a@biblegateway.com,Male,142.140.131.16
336,Paige,Lemonnier,plemonnier9b@delicious.com,Female,189.2.104.214
337,Don,Vinas,dvinas9c@arizona.edu,Male,103.21.177.120
338,Franky,Crossley,fcrossley9d@lycos.com,Male,227.184.185.157
339,Bartel,Coppeard,bcoppeard9e@phpbb.com,Male,16.250.220.107
340,Malia,Spink,mspink9f@netvibes.com,Female,126.100.183.237
341,Jannelle,Oliveti,joliveti9g@senate.gov,Female,14.162.253.55
342,Harrietta,Veel,hveel9h@ucoz.com,Female,242.82.227.47
343,Jordanna,Coope,jcoope9i@yahoo.co.jp,Female,106.33.241.195
344,Bink,Rodolphe,brodolphe9j@google.ru,Male,77.45.97.13
345,Doug,Ateggart,dateggart9k@sina.com.cn,Male,132.36.176.83
346,Corine,Dennidge,cdennidge9l@spotify.com,Female,173.91.66.238
347,Ginger,Britzius,gbritzius9m@redcross.org,Female,178.154.233.217
348,Colin,Scrammage,cscrammage9n@angelfire.com,Male,108.237.57.143
349,Max,Eke,meke9o@ucsd.edu,Female,16.120.120.241
350,Claudell,Penhale,cpenhale9p@state.tx.us,Male,187.41.188.133
351,Walden,Townshend,wtownshend9q@shutterfly.com,Male,128.1.140.114
352,Jessica,Currell,jcurrell9r@reverbnation.com,Female,28.100.64.203
353,Kile,Codner,kcodner9s@fc2.com,Male,180.91.212.154
354,Winna,Matejic,wmatejic9t@twitpic.com,Female,150.73.228.247
355,Sydney,Wedge,swedge9u@hhs.gov,Male,61.141.209.147
356,Susana,Badland,sbadland9v@scribd.com,Female,52.201.255.246
357,Rocky,Eakins,reakins9w@feedburner.com,Male,95.74.41.248
358,Jacquetta,Middell,jmiddell9x@sakura.ne.jp,Female,92.188.79.184
359,Rutter,Rochell,rrochell9y@lycos.com,Male,150.28.39.145
360,Debee,Gerty,dgerty9z@devhub.com,Female,107.212.195.173
361,Sander,Edgecombe,sedgecombea0@nature.com,Male,73.84.126.4
362,Addia,Elcombe,aelcombea1@hexun.com,Female,137.36.93.25
363,Bernarr,Stonebridge,bstonebridgea2@instagram.com,Male,15.235.38.1
364,Rodolph,Workes,rworkesa3@businessinsider.com,Male,217.172.215.41
365,Kellen,Bellison,kbellisona4@auda.org.au,Male,152.33.45.83
366,Berne,Grahamslaw,bgrahamslawa5@ifeng.com,Male,146.16.200.136
367,Owen,Kuscha,okuschaa6@microsoft.com,Male,17.186.224.218
368,Elberta,Corbitt,ecorbitta7@livejournal.com,Female,204.83.157.146
369,Afton,Musterd,amusterda8@princeton.edu,Female,194.229.25.12
370,Chauncey,Huckabe,chuckabea9@quantcast.com,Male,66.209.219.114
371,Gareth,Dunnion,gdunnionaa@lulu.com,Male,50.63.111.102
372,Odo,Reely,oreelyab@drupal.org,Male,67.80.230.242
373,Nevil,Morales,nmoralesac@smh.com.au,Male,199.210.141.141
374,Nancie,Lucas,nlucasad@imageshack.us,Female,235.86.58.86
375,Dolli,Rapsey,drapseyae@buzzfeed.com,Female,90.1.168.82
376,Doralin,Moakes,dmoakesaf@bloomberg.com,Female,35.236.99.210
377,Colby,Stewart,cstewartag@senate.gov,Male,238.76.58.208
378,Gus,Curd,gcurdah@ask.com,Male,224.57.12.168
379,Leeann,Franken,lfrankenai@rambler.ru,Female,144.1.231.178
380,Bradney,Bartoli,bbartoliaj@pagesperso-orange.fr,Male,118.195.184.142
381,Netty,Staunton,nstauntonak@usda.gov,Female,40.41.33.31
382,See,Hallum,shallumal@sbwire.com,Male,16.215.176.15
383,Elie,Peacher,epeacheram@rakuten.co.jp,Female,159.155.234.219
384,Garret,Gogarty,ggogartyan@house.gov,Male,244.158.124.140
385,Vito,Wittier,vwittierao@bigcartel.com,Male,101.209.189.158
386,Charissa,O'Malley,comalleyap@slate.com,Female,142.166.181.150
387,Witty,Giacomazzo,wgiacomazzoaq@spiegel.de,Male,134.200.197.212
388,Miran,Hallin,mhallinar@simplemachines.org,Female,231.64.197.8
389,Raimondo,Martinolli,rmartinollias@apache.org,Male,171.152.36.129
390,Randi,Rouzet,rrouzetat@gov.uk,Female,68.14.119.244
391,Bruno,Lattka,blattkaau@google.pl,Male,162.98.6.90
392,Wadsworth,Janata,wjanataav@nbcnews.com,Male,232.192.121.148
393,Steward,Chrystal,schrystalaw@princeton.edu,Male,52.63.101.60
394,Georgeanna,Allawy,gallawyax@yahoo.com,Female,52.58.235.53
395,Rudyard,Attride,rattrideay@gov.uk,Male,23.199.57.118
396,Hillary,Gerardi,hgerardiaz@51.la,Male,95.249.138.200
397,Joletta,Greeveson,jgreevesonb0@aboutads.info,Female,142.223.27.149
398,Danila,Townby,dtownbyb1@ted.com,Female,177.82.108.142
399,Jennica,Varlow,jvarlowb2@a8.net,Female,176.165.16.17
400,Benjy,Skewis,bskewisb3@ocn.ne.jp,Male,1.104.173.248
401,Bronnie,Bradtke,bbradtkeb4@youtu.be,Male,104.32.208.133
402,Gilles,Burnhams,gburnhamsb5@irs.gov,Male,216.197.130.214
403,Westbrook,Woolvett,wwoolvettb6@usda.gov,Male,218.101.255.132
404,Bridie,Curedale,bcuredaleb7@miitbeian.gov.cn,Female,158.121.3.50
405,Jemie,Guillford,jguillfordb8@livejournal.com,Female,36.33.150.109
406,Muriel,Officer,mofficerb9@howstuffworks.com,Female,25.2.94.131
407,Henryetta,Pic,hpicba@cnbc.com,Female,108.66.76.137
408,Nappy,Lumber,nlumberbb@apple.com,Male,21.175.34.13
409,Sydney,Tweddle,stweddlebc@miitbeian.gov.cn,Male,96.87.18.244
410,Scottie,Greenrod,sgreenrodbd@ucoz.com,Male,38.23.127.12
411,Darius,Handaside,dhandasidebe@spotify.com,Male,131.186.115.54
412,Celene,Haskell,chaskellbf@arstechnica.com,Female,61.30.190.123
413,Kordula,Dorricott,kdorricottbg@msn.com,Female,61.49.16.239
414,Woodrow,Dearsley,wdearsleybh@noaa.gov,Male,220.98.167.8
415,Rodina,Rosen,rrosenbi@berkeley.edu,Female,69.12.2.8
416,Fawn,Clubley,fclubleybj@facebook.com,Female,6.133.23.121
417,Pierson,Eliaz,peliazbk@buzzfeed.com,Male,202.33.175.60
418,Valeria,Benjefield,vbenjefieldbl@apple.com,Female,64.47.122.225
419,Anna-diana,Lyptrade,alyptradebm@dyndns.org,Female,225.252.150.220
420,Clement,Fetters,cfettersbn@latimes.com,Male,21.74.185.182
421,Cortie,Heinicke,cheinickebo@myspace.com,Male,1.2.236.148
422,Conan,Seeger,cseegerbp@creativecommons.org,Male,69.65.18.200
423,Jelene,Sextie,jsextiebq@sina.com.cn,Female,123.8.98.234
424,Brianna,Laxson,blaxsonbr@etsy.com,Female,206.45.247.239
425,Ben,Verecker,bvereckerbs@sfgate.com,Male,60.169.170.94
426,Patience,Amoore,pamoorebt@w3.org,Female,30.217.93.28
427,Suzanna,Allsup,sallsupbu@shinystat.com,Female,120.92.7.124
428,Claudian,Cudde,ccuddebv@prnewswire.com,Male,221.5.83.192
429,Gilligan,Furneaux,gfurneauxbw@xrea.com,Female,203.50.254.225
430,Kiel,Wilstead,kwilsteadbx@sitemeter.com,Male,93.233.95.175
431,Maddalena,Quartley,mquartleyby@jiathis.com,Female,168.203.154.199
432,Archer,Rens,arensbz@quantcast.com,Male,243.3.10.139
433,Giacinta,Fearnall,gfearnallc0@howstuffworks.com,Female,182.94.236.244
434,Madelene,Corn,mcornc1@washington.edu,Female,95.68.78.205
435,Arnuad,Kinnard,akinnardc2@storify.com,Male,159.53.178.117
436,Brandon,Roath,broathc3@wsj.com,Male,200.247.230.159
437,Shell,Badrock,sbadrockc4@google.es,Male,223.159.53.96
438,Goddart,Kilalea,gkilaleac5@stanford.edu,Male,236.57.204.131
439,Raffaello,Rollo,rrolloc6@4shared.com,Male,224.144.1.137
440,Lillis,Ferrarin,lferrarinc7@fda.gov,Female,205.91.93.101
441,Stu,Gotter,sgotterc8@elegantthemes.com,Male,71.222.77.201
442,Nyssa,Vedekhov,nvedekhovc9@canalblog.com,Female,216.81.240.36
443,Rois,McConigal,rmcconigalca@biglobe.ne.jp,Female,254.54.232.77
444,Conroy,Diamond,cdiamondcb@usgs.gov,Male,158.155.241.141
445,Evaleen,Grimwad,egrimwadcc@mtv.com,Female,70.84.216.22
446,Ted,Carlucci,tcarluccicd@360.cn,Male,169.25.52.198
447,Elbert,Bullivant,ebullivantce@tinyurl.com,Male,86.58.139.13
448,Dasha,Werrit,dwerritcf@nydailynews.com,Female,161.95.243.52
449,Bradly,Reinhard,breinhardcg@flickr.com,Male,107.150.196.242
450,Roxine,Bridger,rbridgerch@google.it,Female,138.118.220.79
451,Cam,Leebetter,cleebetterci@seattletimes.com,Male,220.53.239.141
452,Gabe,Coulthurst,gcoulthurstcj@diigo.com,Male,80.211.228.97
453,Frank,Dennerley,fdennerleyck@sciencedaily.com,Male,112.40.75.235
454,Halley,McCulloch,hmccullochcl@answers.com,Female,113.214.81.69
455,Libbie,Schaben,lschabencm@github.io,Female,22.174.157.200
456,Sigfrid,Edgley,sedgleycn@4shared.com,Male,71.239.57.1
457,Dinah,Lanfer,dlanferco@msn.com,Female,175.69.246.79
458,Reena,Englishby,renglishbycp@auda.org.au,Female,36.214.250.139
459,Patty,Gresser,pgressercq@nba.com,Male,176.84.233.163
460,Enoch,Merigon,emerigoncr@squarespace.com,Male,150.62.35.201
461,Dorry,Riggert,driggertcs@si.edu,Female,112.110.234.185
462,Hadley,Scholling,hschollingct@admin.ch,Male,174.20.72.80
463,Shermy,Pischel,spischelcu@princeton.edu,Male,56.233.78.204
464,Kassey,Carme,kcarmecv@hhs.gov,Female,246.3.132.207
465,Bartolomeo,Garaghan,bgaraghancw@plala.or.jp,Male,29.65.18.231
466,Germana,Forrest,gforrestcx@chron.com,Female,69.209.77.89
467,Kienan,Lyosik,klyosikcy@statcounter.com,Male,26.178.169.210
468,Oberon,Dannehl,odannehlcz@marketwatch.com,Male,152.141.19.140
469,Lydon,Ledrane,lledraned0@icq.com,Male,140.99.161.23
470,Chrissie,Portinari,cportinarid1@squidoo.com,Male,98.161.48.204
471,Sissie,Mutch,smutchd2@baidu.com,Female,16.172.185.104
472,Flossie,Syrett,fsyrettd3@rediff.com,Female,149.167.186.173
473,Almeda,Andreichik,aandreichikd4@unesco.org,Female,14.171.91.218
474,Berti,Laybourn,blaybournd5@businesswire.com,Male,180.15.210.126
475,Horatius,Haylands,hhaylandsd6@statcounter.com,Male,54.161.225.225
476,Tremain,Charrett,tcharrettd7@over-blog.com,Male,216.60.127.29
477,Annnora,Goude,agouded8@ca.gov,Female,248.106.95.63
478,Esra,Orwin,eorwind9@examiner.com,Male,188.233.10.142
479,Nessy,Poel,npoelda@noaa.gov,Female,216.115.53.128
480,Kellyann,Frondt,kfrondtdb@psu.edu,Female,233.57.55.91
481,Parker,Elkins,pelkinsdc@yellowpages.com,Male,172.32.17.48
482,Sheff,Seivertsen,sseivertsendd@dion.ne.jp,Male,129.117.239.235
483,Carny,Sallinger,csallingerde@buzzfeed.com,Male,156.88.142.63
484,Frederique,Crossman,fcrossmandf@typepad.com,Female,208.221.60.144
485,Roderick,Scanlin,rscanlindg@acquirethisname.com,Male,104.59.163.135
486,Stanly,Rookes,srookesdh@chron.com,Male,239.17.128.54
487,Elfreda,Blockey,eblockeydi@msn.com,Female,161.137.124.164
488,Almeria,Metherell,ametherelldj@cargocollective.com,Female,84.48.154.80
489,Mendie,Gurnell,mgurnelldk@gravatar.com,Male,228.93.127.97
490,Catherin,Fulun,cfulundl@amazon.co.uk,Female,97.230.42.73
491,Nick,Janecki,njaneckidm@shutterfly.com,Male,215.71.139.171
492,Freddie,Bottoms,fbottomsdn@unc.edu,Male,56.121.157.118
493,Anson,Ullock,aullockdo@msn.com,Male,96.204.180.248
494,Zaccaria,Bennett,zbennettdp@icio.us,Male,6.93.215.232
495,Wallas,Holdworth,wholdworthdq@elpais.com,Male,81.108.123.82
496,Merle,Duchatel,mduchateldr@cocolog-nifty.com,Male,75.133.111.123
497,Lorrin,Ferrario,lferrariods@diigo.com,Female,30.216.45.165
498,Mead,Chancellor,mchancellordt@t.co,Male,17.40.83.171
499,Aime,Tappin,atappindu@soup.io,Female,237.16.252.15
500,Brandon,Jephcote,bjephcotedv@who.int,Male,246.143.243.67
501,Nita,Alen,nalendw@unc.edu,Female,172.177.73.104
502,Lemuel,Gionettitti,lgionettittidx@noaa.gov,Male,33.99.101.220
503,Dukie,Shepcutt,dshepcuttdy@chicagotribune.com,Male,1.127.239.199
504,Althea,Colclough,acolcloughdz@de.vu,Female,88.154.66.16
505,Jacinta,Ketchaside,jketchasidee0@e-recht24.de,Female,217.137.121.2
506,Fredi,Solomonides,fsolomonidese1@nbcnews.com,Female,115.124.125.181
507,Tim,Colum,tcolume2@sogou.com,Male,98.1.166.71
508,Marlowe,Pechell,mpechelle3@altervista.org,Male,175.118.34.155
509,Luelle,Grey,lgreye4@redcross.org,Female,172.119.79.233
510,Lauren,Pulster,lpulstere5@newyorker.com,Female,217.238.228.145
511,Carleen,Guichard,cguicharde6@twitpic.com,Female,121.1.241.162
512,Wilmar,Shute,wshutee7@yahoo.com,Male,230.141.209.45
513,Mareah,Strangward,mstrangwarde8@dailymail.co.uk,Female,0.221.108.25
514,Boone,Rakes,brakese9@cnbc.com,Male,159.17.37.211
515,Romona,Skilbeck,rskilbeckea@microsoft.com,Female,169.239.42.116
516,Niall,Donaher,ndonahereb@cnn.com,Male,211.112.9.46
517,Roseanna,Saffell,rsaffellec@aboutads.info,Female,96.196.208.227
518,Reginald,Stichel,rsticheled@sourceforge.net,Male,244.240.175.46
519,Jim,Cuberley,jcuberleyee@indiegogo.com,Male,76.212.207.139
520,Roseanna,Beetlestone,rbeetlestoneef@netscape.com,Female,32.181.141.80
521,Winnie,Goodinge,wgoodingeeg@pen.io,Female,251.128.61.137
522,Michelle,Almack,malmackeh@youtube.com,Female,84.56.103.3
523,Zitella,Stelle,zstelleei@furl.net,Female,151.194.102.98
524,Payton,Coytes,pcoytesej@mlb.com,Male,121.85.237.244
525,Blinny,Mahmood,bmahmoodek@globo.com,Female,131.170.136.51
526,Davey,Whiting,dwhitingel@google.it,Male,162.195.226.228
527,Edgar,Faivre,efaivreem@rambler.ru,Male,7.90.206.74
528,Lenka,Cooke,lcookeen@google.com,Female,36.194.226.214
529,Christoffer,Kasbye,ckasbyeeo@wp.com,Male,253.187.57.227
530,Inez,Wyllcocks,iwyllcocksep@wunderground.com,Female,119.211.76.225
531,Hyacinthia,Clarey,hclareyeq@gravatar.com,Female,14.70.94.182
532,Annie,Veryan,averyaner@wordpress.org,Female,196.87.145.74
533,Portia,Kenewel,pkeneweles@naver.com,Female,234.197.119.4
534,Nettle,Finlry,nfinlryet@buzzfeed.com,Female,21.114.205.95
535,Chrisse,Note,cnoteeu@icq.com,Male,7.69.54.132
536,Saudra,Zambonini,szamboniniev@omniture.com,Female,16.76.70.206
537,Dayle,Peschka,dpeschkaew@senate.gov,Female,219.231.60.28
538,Jennie,Tapton,jtaptonex@hubpages.com,Female,1.158.242.39
539,Clea,Gooden,cgoodeney@paginegialle.it,Female,201.174.110.248
540,Beatrix,Poyser,bpoyserez@bloomberg.com,Female,122.208.120.111
541,Kennie,O'Crotty,kocrottyf0@aol.com,Male,179.246.232.215
542,Kettie,Broom,kbroomf1@so-net.ne.jp,Female,171.125.176.49
543,Verena,Graine,vgrainef2@yahoo.com,Female,248.16.46.5
544,Salomo,Hawthorn,shawthornf3@gizmodo.com,Male,248.19.230.125
545,Rozalin,Rowley,rrowleyf4@examiner.com,Female,234.227.91.161
546,Dewitt,MacCague,dmaccaguef5@oaic.gov.au,Male,51.60.111.34
547,Honey,Drewson,hdrewsonf6@ucoz.ru,Female,212.138.63.126
548,Dona,Condliffe,dcondliffef7@tamu.edu,Female,184.226.254.136
549,Nikolaos,Hampshire,nhampshiref8@t.co,Male,52.247.73.4
550,Margarette,Sargison,msargisonf9@biglobe.ne.jp,Female,22.25.33.49
551,Pascale,Nother,pnotherfa@dropbox.com,Male,152.227.125.190
552,Camella,Rikard,crikardfb@alexa.com,Female,50.243.36.202
553,Gerri,Vigars,gvigarsfc@yelp.com,Male,175.1.255.144
554,Carolus,Apfler,capflerfd@youku.com,Male,12.105.37.12
555,Ludvig,Danilishin,ldanilishinfe@tuttocitta.it,Male,143.252.166.105
556,Jermain,Quaif,jquaifff@behance.net,Male,72.108.3.55
557,Vivi,Welch,vwelchfg@altervista.org,Female,168.203.28.91
558,Kelsey,Shalloo,kshalloofh@prweb.com,Female,204.88.38.185
559,Lauraine,Prestidge,lprestidgefi@livejournal.com,Female,106.9.149.76
560,Abbey,Claessens,aclaessensfj@theatlantic.com,Male,218.28.231.3
561,Octavia,Jacmar,ojacmarfk@webeden.co.uk,Female,135.122.88.4
562,Jonas,Kinnear,jkinnearfl@jalbum.net,Male,240.98.131.56
563,Amelie,O'Duilleain,aoduilleainfm@nsw.gov.au,Female,205.49.22.41
564,Riccardo,Duckfield,rduckfieldfn@bluehost.com,Male,60.240.136.108
565,Warner,Wyett,wwyettfo@163.com,Male,29.60.210.34
566,Dolf,Fincke,dfinckefp@jiathis.com,Male,149.214.66.248
567,Kendall,Torrance,ktorrancefq@mac.com,Male,2.21.131.21
568,Josselyn,Booler,jboolerfr@networksolutions.com,Female,37.135.131.22
569,Burlie,Smallridge,bsmallridgefs@weebly.com,Male,229.83.154.209
570,Larissa,Aingell,laingellft@japanpost.jp,Female,143.132.125.110
571,Barrett,Rother,brotherfu@nhs.uk,Male,209.57.91.151
572,Melva,Greenshiels,mgreenshielsfv@npr.org,Female,33.69.191.89
573,Evaleen,Soigoux,esoigouxfw@theatlantic.com,Female,120.175.40.172
574,Forrester,Edmans,fedmansfx@merriam-webster.com,Male,162.17.203.232
575,Almeria,M'Barron,ambarronfy@statcounter.com,Female,90.207.47.249
576,Derrek,Taleworth,dtaleworthfz@yahoo.com,Male,43.118.158.244
577,Mateo,Spini,mspinig0@newyorker.com,Male,244.141.92.218
578,Queenie,Aspell,qaspellg1@ucsd.edu,Female,186.191.36.5
579,Humfrid,Kobierzycki,hkobierzyckig2@hubpages.com,Male,82.207.34.111
580,Maurise,Girardot,mgirardotg3@si.edu,Female,148.157.253.157
581,Myrah,Gask,mgaskg4@nature.com,Female,113.37.9.252
582,Ara,Ezzle,aezzleg5@gnu.org,Male,188.79.15.189
583,Agnella,Coath,acoathg6@github.io,Female,95.183.82.163
584,Ludvig,Dixsee,ldixseeg7@ucoz.com,Male,246.167.120.74
585,Sofie,Quipp,squippg8@hud.gov,Female,205.184.106.215
586,Felicio,Biasioli,fbiasiolig9@topsy.com,Male,36.3.99.235
587,Vin,Connal,vconnalga@icio.us,Female,173.33.69.107
588,Aylmar,Spanswick,aspanswickgb@github.com,Male,192.189.124.38
589,Peg,Bewly,pbewlygc@cnn.com,Female,15.118.83.15
590,Abbey,Leijs,aleijsgd@seesaa.net,Female,168.206.16.55
591,Upton,Joannet,ujoannetge@google.it,Male,21.13.132.166
592,Lottie,Lumm,llummgf@prnewswire.com,Female,205.85.85.49
593,June,Igoe,jigoegg@weibo.com,Female,152.225.53.253
594,Antonella,McInulty,amcinultygh@mit.edu,Female,238.218.26.244
595,Madlin,Thunnercliffe,mthunnercliffegi@ibm.com,Female,118.169.39.92
596,My,Carlton,mcarltongj@google.cn,Male,216.45.86.215
597,Jeddy,Lannon,jlannongk@theglobeandmail.com,Male,11.51.21.204
598,Norry,Howgego,nhowgegogl@msn.com,Male,115.196.160.121
599,Row,Kincade,rkincadegm@thetimes.co.uk,Female,32.215.183.226
600,Gerry,Boullin,gboullingn@phoca.cz,Male,140.178.64.188
601,Corabelle,Satterley,csatterleygo@usatoday.com,Female,35.149.237.187
602,Seward,Bloy,sbloygp@pcworld.com,Male,1.194.83.118
603,Augy,Fakes,afakesgq@slashdot.org,Male,89.164.122.15
604,Reube,Huguenet,rhuguenetgr@techcrunch.com,Male,67.78.233.86
605,Bartie,Nussii,bnussiigs@dyndns.org,Male,60.224.218.167
606,Lurlene,Matts,lmattsgt@hhs.gov,Female,121.13.218.122
607,Garv,Gaskell,ggaskellgu@chronoengine.com,Male,168.137.76.255
608,Brady,Derycot,bderycotgv@vimeo.com,Male,41.180.131.130
609,Ethyl,Randall,erandallgw@tmall.com,Female,113.102.128.236
610,Gaby,Garter,ggartergx@mlb.com,Female,249.106.125.119
611,Wayland,Cohn,wcohngy@census.gov,Male,103.92.120.72
612,Roda,Nono,rnonogz@tumblr.com,Female,26.196.148.82
613,Jeno,Mouse,jmouseh0@photobucket.com,Male,45.244.221.172
614,Terence,Catford,tcatfordh1@vinaora.com,Male,28.188.192.115
615,Allyn,Bodemeaid,abodemeaidh2@symantec.com,Female,90.219.215.118
616,Tan,Barwise,tbarwiseh3@tinyurl.com,Male,151.155.200.61
617,Raviv,Goodredge,rgoodredgeh4@stanford.edu,Male,79.31.240.72
618,Aindrea,Paine,apaineh5@paginegialle.it,Female,162.78.109.142
619,Ferne,Sillick,fsillickh6@archive.org,Female,11.201.126.56
620,Burtie,Knewstubb,bknewstubbh7@gizmodo.com,Male,33.24.100.211
621,Delphinia,Cronkshaw,dcronkshawh8@wisc.edu,Female,104.188.155.226
622,Jamie,Bowell,jbowellh9@123-reg.co.uk,Male,222.127.14.190
623,Terrye,Trembley,ttrembleyha@linkedin.com,Female,195.84.50.11
624,Tito,Larvor,tlarvorhb@youku.com,Male,96.243.71.72
625,Filide,Trase,ftrasehc@yellowpages.com,Female,5.237.53.26
626,Karola,Dymott,kdymotthd@so-net.ne.jp,Female,208.154.125.11
627,Vassili,Cowgill,vcowgillhe@microsoft.com,Male,68.31.45.60
628,Leroy,Kemet,lkemethf@rakuten.co.jp,Male,43.7.73.185
629,Babette,Tomisch,btomischhg@gnu.org,Female,208.168.245.53
630,Heindrick,Wreak,hwreakhh@forbes.com,Male,103.8.224.45
631,Helyn,Skottle,hskottlehi@pinterest.com,Female,216.63.201.218
632,Lonnie,Tregaskis,ltregaskishj@cnet.com,Male,90.253.251.224
633,Dora,Toland,dtolandhk@nhs.uk,Female,139.140.42.207
634,Elston,Miklem,emiklemhl@mit.edu,Male,38.30.141.160
635,Ted,Blatcher,tblatcherhm@bloglovin.com,Male,183.13.51.239
636,Randell,Slowan,rslowanhn@cmu.edu,Male,75.75.92.4
637,Taffy,Garaghan,tgaraghanho@dyndns.org,Female,240.21.121.138
638,Rosette,Agiolfinger,ragiolfingerhp@hibu.com,Female,114.135.216.106
639,Dominik,Lampens,dlampenshq@nasa.gov,Male,42.96.61.128
640,Rowen,Gilstin,rgilstinhr@nyu.edu,Male,139.72.150.190
641,Ameline,Paramor,aparamorhs@gnu.org,Female,42.9.23.104
642,Hannis,Sibbe,hsibbeht@artisteer.com,Female,78.223.205.236
643,Julienne,Burnsell,jburnsellhu@answers.com,Female,86.131.94.14
644,Andree,Zarfati,azarfatihv@delicious.com,Female,2.199.204.104
645,Keith,Zemler,kzemlerhw@paginegialle.it,Male,225.131.128.191
646,Arron,Bedinham,abedinhamhx@ocn.ne.jp,Male,174.137.212.37
647,Collie,Badham,cbadhamhy@nbcnews.com,Female,244.87.149.159
648,Colly,Macauley,cmacauleyhz@newsvine.com,Female,194.157.229.242
649,Nancey,Jorissen,njorisseni0@weather.com,Female,232.66.99.35
650,Waneta,Clavey,wclaveyi1@google.com,Female,248.0.39.126
651,Jayson,Moquin,jmoquini2@zdnet.com,Male,27.234.37.181
652,Shawna,Biaggelli,sbiaggellii3@msn.com,Female,1.183.63.225
653,Rudiger,Biford,rbifordi4@unicef.org,Male,64.97.109.27
654,Waylin,Maillard,wmaillardi5@tamu.edu,Male,34.210.217.42
655,Birdie,Hagland,bhaglandi6@scientificamerican.com,Female,73.100.76.56
656,Renata,Rishman,rrishmani7@telegraph.co.uk,Female,136.186.111.90
657,Ira,Bartolomeotti,ibartolomeottii8@sina.com.cn,Male,90.69.42.229
658,Keenan,Rettie,krettiei9@youku.com,Male,85.250.247.115
659,Maia,Varty,mvartyia@privacy.gov.au,Female,192.166.114.84
660,Norby,Sedgeworth,nsedgeworthib@intel.com,Male,172.189.241.175
661,Eugene,Skull,eskullic@netvibes.com,Male,25.76.163.207
662,Bruno,Dack,bdackid@whitehouse.gov,Male,66.51.38.124
663,George,Astupenas,gastupenasie@tinypic.com,Male,128.31.33.168
664,Josh,McGebenay,jmcgebenayif@spotify.com,Male,233.90.225.213
665,Leonore,Kopisch,lkopischig@va.gov,Female,30.153.0.205
666,Rosabel,Boyack,rboyackih@diigo.com,Female,238.158.165.10
667,Maddie,Murton,mmurtonii@homestead.com,Female,47.114.92.157
668,Winslow,Chilcotte,wchilcotteij@meetup.com,Male,82.232.124.166
669,Nowell,Codner,ncodnerik@quantcast.com,Male,106.166.9.247
670,Nanci,Lawles,nlawlesil@stanford.edu,Female,17.223.54.113
671,Joane,Gardener,jgardenerim@pbs.org,Female,209.158.225.130
672,Rod,Dameisele,rdameiselein@quantcast.com,Male,65.239.192.19
673,Eirena,Diter,editerio@ibm.com,Female,202.53.5.103
674,Willie,Michal,wmichalip@disqus.com,Male,71.243.45.11
675,Meier,Paunton,mpauntoniq@delicious.com,Male,62.115.159.227
676,Eberhard,Heritege,eheritegeir@forbes.com,Male,25.135.164.172
677,Guillermo,Le Grys,glegrysis@baidu.com,Male,225.142.136.153
678,Amabel,Klaff,aklaffit@epa.gov,Female,156.16.233.250
679,Corny,Haslegrave,chaslegraveiu@amazon.de,Male,139.16.147.28
680,Leo,Plunkett,lplunkettiv@nps.gov,Male,166.147.19.118
681,Fran,Strettle,fstrettleiw@desdev.cn,Male,246.129.255.81
682,Hi,Kineton,hkinetonix@github.io,Male,188.200.232.81
683,Lion,Gerling,lgerlingiy@vimeo.com,Male,199.102.207.160
684,Alyce,Wearne,awearneiz@usgs.gov,Female,206.197.32.72
685,Ardelia,Jakubczyk,ajakubczykj0@xinhuanet.com,Female,74.122.0.177
686,Concordia,Pullan,cpullanj1@histats.com,Female,187.169.86.99
687,George,Bispham,gbisphamj2@netvibes.com,Female,2.163.72.178
688,Jack,Trethowan,jtrethowanj3@paginegialle.it,Male,228.130.109.67
689,Ulrica,Ruperto,urupertoj4@archive.org,Female,232.142.241.29
690,Xylina,Warne,xwarnej5@merriam-webster.com,Female,172.62.129.165
691,Vere,Hanney,vhanneyj6@dmoz.org,Female,124.90.106.28
692,Lind,Hellier,lhellierj7@cam.ac.uk,Male,130.33.169.45
693,Dionisio,Sadler,dsadlerj8@seattletimes.com,Male,69.132.191.237
694,Aeriell,Roloff,aroloffj9@csmonitor.com,Female,32.207.214.48
695,Brew,Ramelot,bramelotja@auda.org.au,Male,198.212.198.138
696,Dom,Raycroft,draycroftjb@digg.com,Male,31.33.239.195
697,Bibbie,Sussans,bsussansjc@ustream.tv,Female,85.119.31.124
698,Konrad,Larrett,klarrettjd@icio.us,Male,84.91.86.101
699,Myles,Earey,meareyje@economist.com,Male,88.235.34.31
700,Mile,Beaushaw,mbeaushawjf@shutterfly.com,Male,227.14.2.63
701,Conrade,Stolberg,cstolbergjg@booking.com,Male,117.103.76.5
702,Sharlene,Domaschke,sdomaschkejh@netlog.com,Female,219.206.175.99
703,Valery,Cambden,vcambdenji@scribd.com,Female,160.206.130.197
704,Jase,Newitt,jnewittjj@nydailynews.com,Male,35.72.237.199
705,Sharon,Playford,splayfordjk@flickr.com,Female,181.98.250.241
706,Lilian,Rentilll,lrentillljl@dmoz.org,Female,128.219.212.49
707,Bone,Leggen,bleggenjm@ibm.com,Male,77.119.103.134
708,Francklin,Castanaga,fcastanagajn@jugem.jp,Male,202.225.188.247
709,Collie,Natt,cnattjo@upenn.edu,Female,29.96.169.187
710,Donica,Chiene,dchienejp@craigslist.org,Female,229.12.35.101
711,Beverley,Ruit,bruitjq@over-blog.com,Female,64.97.180.167
712,Lilla,Sybry,lsybryjr@zdnet.com,Female,216.154.240.76
713,Adham,Janz,ajanzjs@indiatimes.com,Male,254.23.94.96
714,Bondon,Cuvley,bcuvleyjt@shutterfly.com,Male,4.207.178.71
715,Emelen,O'Cahey,eocaheyju@issuu.com,Male,129.44.166.99
716,Laure,Pelos,lpelosjv@mail.ru,Female,58.92.31.9
717,Janet,Vicker,jvickerjw@china.com.cn,Female,179.175.176.132
718,Colby,Cantwell,ccantwelljx@adobe.com,Male,15.208.39.117
719,Dag,Milton-White,dmiltonwhitejy@nbcnews.com,Male,16.45.127.192
720,Joete,Simonian,jsimonianjz@nsw.gov.au,Female,142.16.131.187
721,Weylin,Dufore,wduforek0@behance.net,Male,187.125.241.186
722,Raff,MacElroy,rmacelroyk1@adobe.com,Male,180.41.69.129
723,Luise,Smithyman,lsmithymank2@nydailynews.com,Female,122.172.7.160
724,Webster,MacKerley,wmackerleyk3@ted.com,Male,34.119.198.91
725,Carree,Crace,ccracek4@sun.com,Female,22.210.130.214
726,Lauralee,McCann,lmccannk5@umn.edu,Female,202.254.240.149
727,Lorens,Mangeney,lmangeneyk6@yahoo.co.jp,Male,211.194.125.185
728,Noelyn,Gosforth,ngosforthk7@buzzfeed.com,Female,26.57.227.35
729,Gale,Leare,glearek8@aol.com,Male,101.41.217.226
730,Roobbie,Oxer,roxerk9@rediff.com,Female,111.112.8.70
731,Dorthy,Toffalo,dtoffaloka@cnbc.com,Female,74.181.17.162
732,Staci,Rushbrook,srushbrookkb@nytimes.com,Female,107.157.77.64
733,Marne,Haulkham,mhaulkhamkc@state.tx.us,Female,111.4.60.203
734,Erich,Mellmoth,emellmothkd@homestead.com,Male,156.46.186.103
735,Glad,Allenson,gallensonke@cyberchimps.com,Female,251.27.141.203
736,Beverly,Cheshir,bcheshirkf@liveinternet.ru,Female,170.114.186.188
737,Almeda,Leither,aleitherkg@reddit.com,Female,98.249.201.56
738,Flor,Kuschek,fkuschekkh@pen.io,Female,171.98.136.3
739,Vite,Eustes,veusteski@technorati.com,Male,241.11.162.206
740,Marcile,Dinsey,mdinseykj@engadget.com,Female,189.177.136.239
741,Mabelle,Packwood,mpackwoodkk@miibeian.gov.cn,Female,1.141.232.18
742,Juliet,Onele,jonelekl@microsoft.com,Female,165.149.139.210
743,Norris,Northcote,nnorthcotekm@opensource.org,Male,37.48.200.244
744,Penn,Lumsdon,plumsdonkn@zimbio.com,Male,156.60.155.93
745,Reinhold,Dioniso,rdionisoko@1688.com,Male,231.4.62.226
746,Felicio,Pyser,fpyserkp@comsenz.com,Male,172.166.105.193
747,Lelia,Derisly,lderislykq@wikispaces.com,Female,113.160.230.109
748,Colline,Gullam,cgullamkr@tinypic.com,Female,92.15.246.174
749,Alix,Reilly,areillyks@cornell.edu,Male,148.155.40.78
750,Tremaine,Legrave,tlegravekt@g.co,Male,124.161.83.134
751,Dacie,McLauchlin,dmclauchlinku@hc360.com,Female,123.201.70.9
752,Zitella,Canavan,zcanavankv@unc.edu,Female,216.18.155.36
753,Shay,Corssen,scorssenkw@home.pl,Male,167.229.86.108
754,Ema,Grayer,egrayerkx@feedburner.com,Female,156.1.146.211
755,Trenton,Pring,tpringky@ehow.com,Male,108.82.177.179
756,Leda,Ugo,lugokz@un.org,Female,1.82.252.153
757,Morgan,Boydell,mboydelll0@nhs.uk,Male,3.142.161.27
758,Morse,Heighway,mheighwayl1@telegraph.co.uk,Male,147.110.150.12
759,Alia,Lesper,alesperl2@istockphoto.com,Female,48.217.109.87
760,Tab,Bavage,tbavagel3@google.com,Male,46.188.166.223
761,Drew,Kopfer,dkopferl4@constantcontact.com,Male,136.72.18.109
762,Erik,Strover,estroverl5@tripadvisor.com,Male,183.30.70.29
763,Gabrielle,Le Fleming,gleflemingl6@jugem.jp,Female,134.103.200.217
764,Staford,Bunyan,sbunyanl7@msn.com,Male,48.115.150.40
765,Bradly,Ayto,baytol8@t-online.de,Male,186.190.141.74
766,Tracy,Ugo,tugol9@cloudflare.com,Male,33.178.114.233
767,Franciskus,Castaneda,fcastanedala@craigslist.org,Male,64.239.170.239
768,Andres,Henrot,ahenrotlb@smh.com.au,Male,112.244.135.94
769,Will,Staning,wstaninglc@china.com.cn,Male,133.122.122.185
770,Jenelle,Leathlay,jleathlayld@cbslocal.com,Female,15.139.217.224
771,Garth,Sawtell,gsawtellle@alexa.com,Male,236.28.185.82
772,Timotheus,Streeten,tstreetenlf@people.com.cn,Male,217.10.106.48
773,Shaylah,Aucock,saucocklg@rambler.ru,Female,175.152.216.187
774,Tobit,Varcoe,tvarcoelh@dedecms.com,Male,91.138.30.165
775,Bogart,Antonioni,bantonionili@china.com.cn,Male,255.164.31.128
776,Elias,Gonet,egonetlj@hatena.ne.jp,Male,252.99.70.245
777,Darryl,Beeken,dbeekenlk@github.io,Female,77.73.106.123
778,Reine,Trimme,rtrimmell@samsung.com,Female,22.144.129.61
779,Cristionna,Larne,clarnelm@tripadvisor.com,Female,6.116.11.26
780,Artur,Simenot,asimenotln@samsung.com,Male,98.235.229.43
781,Bob,Rihanek,brihaneklo@cmu.edu,Male,42.187.17.105
782,Darwin,Diament,ddiamentlp@google.com.hk,Male,161.200.221.217
783,Curtice,Dimnage,cdimnagelq@dyndns.org,Male,95.29.140.138
784,Wiatt,McIlwrath,wmcilwrathlr@amazon.de,Male,32.89.163.205
785,Anatole,Poulson,apoulsonls@liveinternet.ru,Male,124.7.32.56
786,Roldan,Sadlier,rsadlierlt@ning.com,Male,246.111.185.139
787,Thaddeus,Tilliards,ttilliardslu@upenn.edu,Male,98.124.168.196
788,Neville,Neljes,nneljeslv@aol.com,Male,130.4.139.1
789,Barn,Ugolini,bugolinilw@domainmarket.com,Male,182.190.88.217
790,Christos,Grgic,cgrgiclx@mail.ru,Male,199.51.255.147
791,Stacy,Prater,spraterly@cbc.ca,Female,7.51.36.81
792,Bruis,Steeples,bsteepleslz@wsj.com,Male,88.89.134.225
793,Ambrose,Sayer,asayerm0@goo.ne.jp,Male,245.87.21.140
794,Lola,Wayne,lwaynem1@twitpic.com,Female,37.168.30.68
795,Gar,Cabrales,gcabralesm2@si.edu,Male,154.212.139.194
796,Georges,Lesslie,glessliem3@sina.com.cn,Male,183.104.173.181
797,Phaedra,Wightman,pwightmanm4@va.gov,Female,165.91.156.169
798,Jena,Boise,jboisem5@t.co,Female,79.7.110.199
799,Arie,Borrowman,aborrowmanm6@nps.gov,Male,156.136.189.76
800,Cyndi,Shoulders,cshouldersm7@tripadvisor.com,Female,89.71.115.176
801,Meridith,Howchin,mhowchinm8@tinyurl.com,Female,241.90.147.200
802,Cecilia,Whyberd,cwhyberdm9@diigo.com,Female,190.79.133.161
803,Dukie,Stubbley,dstubbleyma@oakley.com,Male,184.50.162.246
804,Sherwynd,Barnaby,sbarnabymb@europa.eu,Male,178.31.248.178
805,Alexandr,Cumbers,acumbersmc@yelp.com,Male,208.15.13.52
806,Olympe,Liepmann,oliepmannmd@bandcamp.com,Female,28.40.43.58
807,Berne,Rubinow,brubinowme@amazon.co.jp,Male,106.137.199.65
808,Erich,Ramelot,eramelotmf@ustream.tv,Male,52.101.90.7
809,Viviene,Kellington,vkellingtonmg@people.com.cn,Female,140.253.22.120
810,Shaylynn,Road,sroadmh@g.co,Female,47.89.50.153
811,Bradley,Bernardeschi,bbernardeschimi@smh.com.au,Male,104.170.27.111
812,Laure,Arlt,larltmj@tmall.com,Female,191.15.226.179
813,Cassaundra,Blacklock,cblacklockmk@weebly.com,Female,126.95.15.155
814,Bald,Jiruca,bjirucaml@cocolog-nifty.com,Male,142.112.55.117
815,Hilda,Zimmerman,hzimmermanmm@tripod.com,Female,141.226.196.115
816,Blaine,Chitter,bchittermn@liveinternet.ru,Male,157.213.97.239
817,Aeriel,Shakelade,ashakelademo@oracle.com,Female,172.191.205.238
818,Friedrich,Elfes,felfesmp@newsvine.com,Male,225.6.110.187
819,Ernst,Munro,emunromq@senate.gov,Male,103.26.235.28
820,Grange,Poor,gpoormr@jimdo.com,Male,15.150.245.146
821,Cullie,Island,cislandms@bing.com,Male,42.53.212.29
822,Raye,Rivett,rrivettmt@t-online.de,Female,105.140.168.72
823,Rudyard,Jacobovitch,rjacobovitchmu@hud.gov,Male,120.129.121.192
824,Wanda,Iori,wiorimv@barnesandnoble.com,Female,30.104.185.76
825,Keefer,Threlfall,kthrelfallmw@cdbaby.com,Male,117.68.75.204
826,Mary,Wittier,mwittiermx@example.com,Female,124.150.42.32
827,Ernesta,Turnell,eturnellmy@guardian.co.uk,Female,121.122.223.82
828,Nat,Threadgill,nthreadgillmz@xing.com,Female,8.80.40.178
829,Lara,Lyddy,llyddyn0@dailymotion.com,Female,121.123.247.58
830,Ewell,Peter,epetern1@histats.com,Male,153.222.192.9
831,William,Mortimer,wmortimern2@xrea.com,Male,0.64.145.177
832,Allard,Allinson,aallinsonn3@europa.eu,Male,173.255.58.227
833,Cosetta,Dittson,cdittsonn4@state.tx.us,Female,175.207.168.243
834,Marion,Devers,mdeversn5@ebay.com,Male,17.143.21.0
835,Alexandr,Dole,adolen6@guardian.co.uk,Male,208.23.178.25
836,Robby,Crowche,rcrowchen7@creativecommons.org,Female,209.237.34.219
837,Meggi,Mellem,mmellemn8@delicious.com,Female,227.183.86.202
838,Chicky,Hintzer,chintzern9@sun.com,Male,213.251.76.195
839,Peg,Bruckner,pbrucknerna@t-online.de,Female,108.152.203.157
840,Fred,Rowles,frowlesnb@angelfire.com,Male,80.117.13.188
841,Olympe,Pepperd,opepperdnc@reddit.com,Female,8.22.250.1
842,Nobe,Rojahn,nrojahnnd@google.es,Male,167.73.178.195
843,Jo,O'Hanley,johanleyne@nba.com,Female,146.225.101.160
844,Clotilda,Pargiter,cpargiternf@meetup.com,Female,80.252.7.44
845,Imogen,Brothwell,ibrothwellng@privacy.gov.au,Female,40.88.86.152
846,Weider,Pillman,wpillmannh@redcross.org,Male,43.92.89.247
847,Arlin,Zohrer,azohrerni@t-online.de,Male,20.251.232.223
848,Laure,Rysom,lrysomnj@google.com.au,Female,201.148.20.162
849,Leslie,Harness,lharnessnk@kickstarter.com,Male,209.164.94.202
850,Everard,MacCahee,emaccaheenl@pagesperso-orange.fr,Male,11.148.23.220
851,Baillie,Isac,bisacnm@163.com,Male,13.36.133.86
852,Rhodie,Bridgman,rbridgmannn@youku.com,Female,97.146.214.192
853,Tyson,Brookes,tbrookesno@topsy.com,Male,140.198.222.247
854,Nelly,Benzing,nbenzingnp@house.gov,Female,241.211.120.28
855,Aindrea,Derricoat,aderricoatnq@ucsd.edu,Female,185.200.227.233
856,Emanuel,Josey,ejoseynr@discovery.com,Male,19.33.176.30
857,Darline,Glazebrook,dglazebrookns@economist.com,Female,130.148.2.27
858,Lucine,Kilius,lkiliusnt@g.co,Female,205.210.215.17
859,Shoshanna,Trowbridge,strowbridgenu@accuweather.com,Female,67.26.165.37
860,Somerset,Bruineman,sbruinemannv@economist.com,Male,135.42.212.210
861,Mildrid,Sloley,msloleynw@dot.gov,Female,253.228.154.88
862,Guilbert,Spickett,gspickettnx@imageshack.us,Male,93.157.76.72
863,Barnie,Janicek,bjanicekny@cbslocal.com,Male,65.154.234.154
864,Damaris,De Souza,ddesouzanz@google.nl,Female,182.62.50.89
865,Viva,Beagles,vbeagleso0@purevolume.com,Female,13.206.109.31
866,Cheston,MacKellar,cmackellaro1@unesco.org,Male,21.54.134.250
867,Emlyn,Priden,eprideno2@sciencedirect.com,Male,64.64.200.14
868,Murvyn,Pryke,mprykeo3@typepad.com,Male,0.145.150.158
869,Hort,Soans,hsoanso4@columbia.edu,Male,196.3.40.214
870,Bari,Clawley,bclawleyo5@ted.com,Female,195.24.189.8
871,Blinni,Vernall,bvernallo6@webs.com,Female,77.236.131.17
872,Vernor,Yurocjhin,vyurocjhino7@nba.com,Male,255.37.141.54
873,Della,Choupin,dchoupino8@live.com,Female,226.163.9.146
874,Patty,Braybrookes,pbraybrookeso9@unc.edu,Female,4.196.234.76
875,Grove,Feehely,gfeehelyoa@google.fr,Male,183.158.62.194
876,Harriot,Siberry,hsiberryob@histats.com,Female,166.131.170.177
877,Carmela,Dear,cdearoc@slashdot.org,Female,254.81.17.122
878,Leonid,Ubsdell,lubsdellod@flavors.me,Male,191.4.227.250
879,Fanny,Belhomme,fbelhommeoe@pagesperso-orange.fr,Female,153.225.125.109
880,Sax,Siddens,ssiddensof@topsy.com,Male,10.21.236.184
881,Antonietta,Benallack,abenallackog@businessweek.com,Female,167.60.134.30
882,Ariadne,Surgey,asurgeyoh@usnews.com,Female,184.211.67.48
883,Alister,Kemmet,akemmetoi@google.ru,Male,169.92.108.116
884,Amie,Baiden,abaidenoj@reuters.com,Female,15.185.183.23
885,Daryl,Sewley,dsewleyok@senate.gov,Male,92.4.215.61
886,Jamima,Grimsditch,jgrimsditchol@scientificamerican.com,Female,225.66.186.71
887,Kelbee,Lathleiffure,klathleiffureom@nymag.com,Male,50.111.90.141
888,Roley,Semkins,rsemkinson@oakley.com,Male,142.197.1.245
889,Heidi,Kowal,hkowaloo@live.com,Female,232.163.86.121
890,Petey,Vanyutin,pvanyutinop@ask.com,Male,126.52.68.240
891,Granger,Lohering,gloheringoq@cloudflare.com,Male,238.41.150.214
892,Ursala,Millins,umillinsor@hexun.com,Female,228.142.117.149
893,Yves,Arber,yarberos@nbcnews.com,Male,170.22.191.211
894,Gilburt,Probets,gprobetsot@desdev.cn,Male,95.175.255.237
895,Reggie,Dukelow,rdukelowou@prweb.com,Male,117.99.109.212
896,Eve,Rewcastle,erewcastleov@hexun.com,Female,161.169.42.142
897,Hartley,Slemmonds,hslemmondsow@reuters.com,Male,63.232.27.189
898,Mildred,Bickerdyke,mbickerdykeox@go.com,Female,75.154.45.134
899,Giacinta,Culvey,gculveyoy@gravatar.com,Female,135.104.82.63
900,Diane-marie,Dovidian,ddovidianoz@geocities.com,Female,125.24.0.166
901,Odell,Pickhaver,opickhaverp0@biglobe.ne.jp,Male,241.52.46.255
902,Friederike,Haddington,fhaddingtonp1@dmoz.org,Female,138.97.178.26
903,Cirillo,Tootal,ctootalp2@people.com.cn,Male,66.16.20.74
904,Bonni,Girk,bgirkp3@reddit.com,Female,165.213.128.42
905,Rollie,Elkins,relkinsp4@google.pl,Male,0.99.195.73
906,Edan,Peddar,epeddarp5@geocities.com,Male,83.50.215.247
907,Bell,Koba,bkobap6@ft.com,Female,187.76.212.113
908,Sean,Winborn,swinbornp7@dyndns.org,Male,11.245.140.220
909,Roderich,Povey,rpoveyp8@ezinearticles.com,Male,87.61.212.182
910,Woodie,Berzins,wberzinsp9@jiathis.com,Male,95.41.75.45
911,Zerk,Blincko,zblinckopa@reddit.com,Male,163.208.222.182
912,Kit,Gerson,kgersonpb@disqus.com,Male,169.183.21.167
913,Elfreda,Weight,eweightpc@ftc.gov,Female,230.122.30.56
914,Patrica,Newlove,pnewlovepd@washington.edu,Female,52.142.245.14
915,Kaela,Woolhouse,kwoolhousepe@1und1.de,Female,208.100.229.31
916,Kirsti,Kliment,kklimentpf@odnoklassniki.ru,Female,6.146.239.183
917,Wayne,Troy,wtroypg@fotki.com,Male,150.41.105.113
918,Bradan,Hapke,bhapkeph@weather.com,Male,53.91.114.161
919,Rafaello,Waddicor,rwaddicorpi@walmart.com,Male,186.198.18.214
920,Herschel,Mathivat,hmathivatpj@fema.gov,Male,7.43.54.56
921,Marlo,Sambath,msambathpk@redcross.org,Female,138.249.158.123
922,Elias,Andersen,eandersenpl@rambler.ru,Male,106.155.192.111
923,Louisette,Eddow,leddowpm@reverbnation.com,Female,216.196.175.57
924,Katie,Sotworth,ksotworthpn@elegantthemes.com,Female,181.212.147.120
925,Etta,Minshall,eminshallpo@jiathis.com,Female,254.137.32.76
926,Gilberta,McQuilliam,gmcquilliampp@comsenz.com,Female,199.93.125.49
927,Clarke,Worsnap,cworsnappq@state.gov,Male,245.54.208.104
928,Ansley,Feltoe,afeltoepr@census.gov,Female,24.50.35.226
929,Derrik,Deuss,ddeussps@alibaba.com,Male,40.62.169.195
930,Corbie,Bollon,cbollonpt@cnet.com,Male,156.180.159.99
931,Wenona,Shord,wshordpu@tuttocitta.it,Female,227.6.238.31
932,Janos,Bresner,jbresnerpv@npr.org,Male,126.138.2.57
933,Jose,O' Hogan,johoganpw@ted.com,Male,254.171.247.228
934,Eldon,Stroban,estrobanpx@com.com,Male,148.18.36.251
935,Bryna,Pennacci,bpennaccipy@google.com.au,Female,87.214.60.244
936,Rozalin,Farnsworth,rfarnsworthpz@google.pl,Female,94.134.126.254
937,Jourdain,Burtwell,jburtwellq0@intel.com,Male,31.125.11.146
938,Burnaby,Scarlon,bscarlonq1@harvard.edu,Male,145.207.159.96
939,Burty,McGoldrick,bmcgoldrickq2@umich.edu,Male,115.251.111.138
940,Mathian,McClinton,mmcclintonq3@webs.com,Male,70.91.137.147
941,Margarette,Haggarty,mhaggartyq4@dailymotion.com,Female,231.150.59.192
942,Cornelius,Harbertson,charbertsonq5@webs.com,Male,131.205.126.167
943,Vail,Bowshire,vbowshireq6@cisco.com,Male,100.215.78.177
944,Fraser,Thurgood,fthurgoodq7@trellian.com,Male,247.176.201.178
945,Debi,Giamo,dgiamoq8@4shared.com,Female,37.13.223.223
946,Bibi,Bealing,bbealingq9@xrea.com,Female,14.159.142.160
947,Keary,Klassmann,kklassmannqa@seattletimes.com,Male,143.239.115.92
948,Marthena,Carn,mcarnqb@liveinternet.ru,Female,130.195.134.22
949,Wood,Houseman,whousemanqc@netscape.com,Male,122.49.239.107
950,Colin,Piggin,cpigginqd@nature.com,Male,233.162.239.102
951,Lisette,Pirdue,lpirdueqe@umn.edu,Female,75.153.197.204
952,Olva,Keuneke,okeunekeqf@ameblo.jp,Female,76.69.86.219
953,Niki,Massenhove,nmassenhoveqg@photobucket.com,Female,245.162.0.23
954,Amitie,Gotcliff,agotcliffqh@tumblr.com,Female,197.175.142.34
955,Roxy,Arnatt,rarnattqi@nhs.uk,Female,187.75.20.255
956,Ado,Wilks,awilksqj@surveymonkey.com,Male,100.100.95.234
957,Frederik,Rhelton,frheltonqk@yale.edu,Male,226.63.184.163
958,Linda,Semrad,lsemradql@dion.ne.jp,Female,110.242.164.98
959,Elnar,Warrilow,ewarrilowqm@home.pl,Male,26.154.63.121
960,Kirstyn,Frail,kfrailqn@google.co.jp,Female,244.18.8.66
961,Jayson,Northedge,jnorthedgeqo@bluehost.com,Male,1.236.114.36
962,Angela,Bartaloni,abartaloniqp@myspace.com,Female,117.227.166.235
963,Rosa,Bernet,rbernetqq@nationalgeographic.com,Female,116.214.193.55
964,Calla,Fitzroy,cfitzroyqr@youku.com,Female,71.190.220.115
965,Stearn,Dimitriev,sdimitrievqs@simplemachines.org,Male,205.245.122.157
966,Darren,Shillitoe,dshillitoeqt@reuters.com,Male,217.47.165.25
967,Suzanne,Chatteris,schatterisqu@xing.com,Female,214.66.120.137
968,Linnet,Bernardy,lbernardyqv@goo.ne.jp,Female,178.143.231.11
969,Jeanie,Baird,jbairdqw@domainmarket.com,Female,91.252.212.23
970,Ulrike,Bockh,ubockhqx@amazon.co.uk,Female,75.45.163.166
971,Arvy,Kersting,akerstingqy@google.it,Male,219.120.151.45
972,Alidia,Wallhead,awallheadqz@list-manage.com,Female,71.60.131.79
973,Edeline,Ceresa,eceresar0@gmpg.org,Female,141.95.241.123
974,Morey,Robertsson,mrobertssonr1@google.nl,Male,254.251.30.44
975,Skipp,Castri,scastrir2@omniture.com,Male,243.215.41.25
976,Bunny,Hammett,bhammettr3@wisc.edu,Female,24.234.232.185
977,Lucais,Marrow,lmarrowr4@yellowpages.com,Male,75.137.213.142
978,Lucho,Neads,lneadsr5@mozilla.org,Male,96.117.148.198
979,Carmine,Shenfish,cshenfishr6@slideshare.net,Female,47.77.114.11
980,Davidson,McMeeking,dmcmeekingr7@sciencedirect.com,Male,80.214.39.148
981,Rubina,Antoniewicz,rantoniewiczr8@tinypic.com,Female,77.103.95.206
982,Corrie,Worsalls,cworsallsr9@comcast.net,Female,169.184.132.106
983,Elga,Berthot,eberthotra@chron.com,Female,63.24.8.179
984,Sarah,O' Culligan,soculliganrb@acquirethisname.com,Female,22.144.203.113
985,Reginauld,Dericut,rdericutrc@issuu.com,Male,76.134.136.184
986,Finlay,Hawkins,fhawkinsrd@wp.com,Male,52.42.222.205
987,Candie,Berendsen,cberendsenre@exblog.jp,Female,156.174.22.80
988,Dylan,Garn,dgarnrf@amazon.co.uk,Male,136.39.206.114
989,Colas,Woodings,cwoodingsrg@blog.com,Male,137.204.61.123
990,Leroy,Everard,leverardrh@blogtalkradio.com,Male,252.0.64.186
991,Zachariah,Molfino,zmolfinori@redcross.org,Male,99.23.104.199
992,Ben,Dingsdale,bdingsdalerj@forbes.com,Male,223.247.197.223
993,Rosalia,Pate,rpaterk@xinhuanet.com,Female,37.109.185.94
994,Jeanne,D'eathe,jdeatherl@usa.gov,Female,92.106.100.175
995,Colver,Moylan,cmoylanrm@yahoo.co.jp,Male,152.122.115.228
996,Maude,Banting,mbantingrn@blogger.com,Female,144.139.66.180
997,Andris,Goodbarne,agoodbarnero@businessweek.com,Male,207.97.185.100
998,Mirella,Lesper,mlesperrp@yahoo.co.jp,Female,73.197.81.220
999,Ruben,D'Adamo,rdadamorq@nytimes.com,Male,130.50.125.30
1000,Frederik,Ingamells,fingamellsrr@fda.gov,Male,72.104.6.115
