id,first_name,last_name,email,gender,ip_address
1,Isa,Flacke,iflacke0@hud.gov,Male,11.221.120.197
2,Iggie,MacAlroy,imacalroy1@dyndns.org,Male,125.14.68.125
3,Monika,Tuckerman,mtuckerman2@webnode.com,Female,70.98.122.83
4,Cozmo,Toolan,ctoolan3@ucoz.ru,Male,198.225.221.45
5,Sonnnie,Elliston,selliston4@youku.com,Female,123.47.245.39
6,Boycie,Ryam,bryam5@cyberchimps.com,Male,27.248.125.158
7,Ruperta,Escoffier,rescoffier6@phoca.cz,Female,163.131.241.156
8,Kenton,Cracoe,kcracoe7@ucoz.com,Male,234.140.202.174
9,Corabel,St. John,cstjohn8@studiopress.com,Female,107.122.107.136
10,Berna,Trunkfield,btrunkfield9@skyrock.com,Female,29.119.98.7
11,Ezequiel,Agius,eagiusa@dmoz.org,Male,90.196.65.251
12,Quillan,Ballantine,qballantineb@jalbum.net,Male,58.235.72.184
13,Raphael,Dugall,rdugallc@free.fr,Male,155.33.35.223
14,Debera,McGowran,dmcgowrand@narod.ru,Female,124.215.201.84
15,Marcelia,Selwin,mselwine@1688.com,Female,64.80.235.152
16,Granthem,Balshaw,gbalshawf@goodreads.com,Male,102.252.193.66
17,Jacqui,Holbie,jholbieg@typepad.com,Female,233.149.20.35
18,Emile,Ordemann,eordemannh@wp.com,Male,214.23.76.112
19,Terrence,Upstone,tupstonei@elpais.com,Male,175.79.102.241
20,Itch,Rigmand,irigmandj@ihg.com,Male,241.237.137.163
21,Garry,Galbraeth,ggalbraethk@lulu.com,Male,210.72.227.111
22,Nathalia,Harsum,nharsuml@cyberchimps.com,Female,178.65.67.90
23,Louis,Reddington,lreddingtonm@sphinn.com,Male,2.106.44.86
24,Larry,Brame,lbramen@usnews.com,Male,46.80.161.196
25,Rowe,Glauber,rglaubero@ucsd.edu,Female,126.5.172.154
26,Laryssa,Lachaize,llachaizep@wikimedia.org,Female,253.227.7.75
27,Matilda,Piens,mpiensq@wunderground.com,Female,5.48.146.79
28,Edwin,Cooley,ecooleyr@edublogs.org,Male,14.29.83.226
29,Denny,Golby,dgolbys@ucoz.com,Female,222.171.113.81
30,Dedie,Clougher,dcloughert@wix.com,Female,105.68.114.51
31,Quinton,McKeaney,qmckeaneyu@blogspot.com,Male,83.12.198.247
32,Lenna,Jowling,ljowlingv@apache.org,Female,62.96.232.70
33,Dayle,Edards,dedardsw@technorati.com,Female,65.44.201.72
34,Silvanus,Unger,sungerx@hp.com,Male,83.240.20.30
35,Felizio,Imason,fimasony@123-reg.co.uk,Male,205.164.237.190
36,Merrili,Kleisel,mkleiselz@examiner.com,Female,134.218.135.204
37,Tod,Sweetnam,tsweetnam10@w3.org,Male,200.139.135.2
38,Gian,Greenan,ggreenan11@fema.gov,Male,0.65.158.109
39,Farah,Sloley,fsloley12@flavors.me,Female,50.249.88.199
40,Jodee,Cotelard,jcotelard13@jalbum.net,Female,208.176.123.40
41,Abbe,Pomery,apomery14@china.com.cn,Female,6.107.39.97
42,Rodd,Duchatel,rduchatel15@etsy.com,Male,164.41.162.78
43,Ariadne,Semble,asemble16@miibeian.gov.cn,Female,51.90.160.64
44,Cathleen,Jeannesson,cjeannesson17@engadget.com,Female,145.55.194.13
45,Rhoda,Curror,rcurror18@wikia.com,Female,12.244.98.223
46,Carmina,Danielkiewicz,cdanielkiewicz19@biglobe.ne.jp,Female,51.223.148.198
47,Ario,Duffil,aduffil1a@sogou.com,Male,231.67.114.78
48,Karilynn,Leguey,kleguey1b@wsj.com,Female,142.101.4.30
49,Perri,Brislen,pbrislen1c@purevolume.com,Female,234.134.35.137
50,Ilise,Shreenan,ishreenan1d@economist.com,Female,190.234.42.90
51,Meridith,Crame,mcrame1e@elpais.com,Female,217.104.57.193
52,Cosette,Niese,cniese1f@cornell.edu,Female,176.49.218.158
53,Bartholomew,Boddam,bboddam1g@reverbnation.com,Male,52.29.178.74
54,Eb,Gavozzi,egavozzi1h@ifeng.com,Male,206.28.80.139
55,Juliet,Dytham,jdytham1i@printfriendly.com,Female,58.113.254.253
56,Andreana,Frogley,afrogley1j@goodreads.com,Female,7.188.141.208
57,Othello,McKirton,omckirton1k@army.mil,Male,213.25.10.144
58,Irene,Honeyghan,ihoneyghan1l@facebook.com,Female,63.25.28.160
59,Ber,Mallebone,bmallebone1m@wiley.com,Male,121.195.92.124
60,Klarika,Ridsdale,kridsdale1n@wunderground.com,Female,238.102.190.175
61,Timotheus,Stook,tstook1o@reference.com,Male,169.183.223.198
62,Deerdre,Cantillon,dcantillon1p@arizona.edu,Female,173.94.21.56
63,Dedra,Ivashev,divashev1q@livejournal.com,Female,152.220.23.186
64,Maiga,Lukasik,mlukasik1r@usgs.gov,Female,27.169.133.181
65,Crissy,Levitt,clevitt1s@amazon.de,Female,106.169.90.200
66,Kendell,Beaby,kbeaby1t@statcounter.com,Male,217.167.206.176
67,Terencio,Alvis,talvis1u@usnews.com,Male,186.240.39.92
68,Terencio,Moss,tmoss1v@ucsd.edu,Male,2.246.37.160
69,Shelley,Vallow,svallow1w@cargocollective.com,Male,88.116.47.59
70,Monroe,Wheal,mwheal1x@vistaprint.com,Male,225.136.14.111
71,Alasdair,Mannagh,amannagh1y@google.ru,Male,126.247.1.134
72,Bryce,Penas,bpenas1z@addtoany.com,Male,240.79.217.204
73,Tabby,Wignall,twignall20@go.com,Male,123.63.163.229
74,Laughton,Matzeitis,lmatzeitis21@google.com.br,Male,103.104.228.189
75,Ulick,Jozsef,ujozsef22@netscape.com,Male,80.91.130.133
76,Bunnie,Courcey,bcourcey23@mapquest.com,Female,69.61.3.25
77,Stanly,Maffia,smaffia24@digg.com,Male,129.156.198.113
78,Deana,Dudill,ddudill25@edublogs.org,Female,208.142.135.214
79,Courtenay,Pawelczyk,cpawelczyk26@newsvine.com,Female,153.113.78.50
80,Demott,Igglesden,digglesden27@hc360.com,Male,233.23.7.36
81,Connie,Hebblethwaite,chebblethwaite28@networkadvertising.org,Female,162.207.189.10
82,Ruthy,Sach,rsach29@intel.com,Female,167.123.188.218
83,Kalina,Ortsmann,kortsmann2a@about.com,Female,171.44.220.180
84,Immanuel,Naile,inaile2b@zimbio.com,Male,71.238.156.111
85,Falito,Reeks,freeks2c@cisco.com,Male,137.158.110.136
86,Quentin,Pellitt,qpellitt2d@washington.edu,Male,100.183.63.96
87,Devora,Bowton,dbowton2e@dell.com,Female,234.79.204.180
88,Roseanna,Gunthorpe,rgunthorpe2f@mac.com,Female,208.230.124.62
89,Marabel,McNickle,mmcnickle2g@google.com,Female,32.44.240.161
90,Garrard,Jeal,gjeal2h@dailymotion.com,Male,125.75.80.102
91,Neil,McKomb,nmckomb2i@stanford.edu,Male,95.56.16.213
92,Ermanno,Bourdel,ebourdel2j@pinterest.com,Male,245.133.212.210
93,Nikos,Fedorchenko,nfedorchenko2k@weebly.com,Male,160.213.10.0
94,Moishe,Rounsefell,mrounsefell2l@joomla.org,Male,45.210.88.212
95,Merry,Cranmor,mcranmor2m@dailymotion.com,Male,129.161.150.232
96,Huntington,Brundall,hbrundall2n@wisc.edu,Male,41.154.131.148
97,Adelle,Hast,ahast2o@netvibes.com,Female,11.57.184.86
98,Dory,Shier,dshier2p@elegantthemes.com,Female,211.56.127.215
99,Sax,Boydell,sboydell2q@time.com,Male,205.128.63.0
100,Dorette,Sutliff,dsutliff2r@tuttocitta.it,Female,187.52.72.123
101,Noelyn,Vaudin,nvaudin2s@naver.com,Female,90.194.157.97
102,Elbert,Rohlfing,erohlfing2t@washington.edu,Male,156.228.136.41
103,Maurizio,Billett,mbillett2u@issuu.com,Male,112.237.137.182
104,Darleen,De Cruze,ddecruze2v@uiuc.edu,Female,69.132.194.187
105,Natalie,Jarrett,njarrett2w@ed.gov,Female,69.19.175.78
106,Lamond,Gatch,lgatch2x@alexa.com,Male,136.112.134.46
107,Tammi,Scarffe,tscarffe2y@timesonline.co.uk,Female,39.4.125.10
108,Steve,Allam,sallam2z@vistaprint.com,Male,211.128.111.180
109,Davine,Gavaghan,dgavaghan30@latimes.com,Female,189.65.5.161
110,Giffer,Keeble,gkeeble31@mail.ru,Male,199.182.21.208
111,Christen,Butter,cbutter32@gmpg.org,Female,52.12.176.217
112,Mauricio,Allmond,mallmond33@sakura.ne.jp,Male,212.79.116.78
113,Ronalda,Cayton,rcayton34@shutterfly.com,Female,254.105.121.97
114,Claudio,Weddeburn - Scrimgeour,cweddeburnscrimgeour35@chicagotribune.com,Male,136.172.242.33
115,Oswald,Galsworthy,ogalsworthy36@time.com,Male,59.6.104.63
116,Moyna,Flower,mflower37@devhub.com,Female,238.150.64.175
117,Dag,Sked,dsked38@icio.us,Male,245.236.65.202
118,Pippa,Parkinson,pparkinson39@dion.ne.jp,Female,181.42.231.1
119,Ernesto,Claffey,eclaffey3a@yelp.com,Male,237.193.70.6
120,Denver,Allinson,dallinson3b@nih.gov,Male,200.35.27.184
121,Oralia,Temby,otemby3c@google.co.uk,Female,132.13.23.230
122,Rollins,Beadnall,rbeadnall3d@wordpress.org,Male,83.71.191.23
123,Philippine,Ivashov,pivashov3e@imageshack.us,Female,51.94.237.132
124,Jazmin,Keitley,jkeitley3f@google.nl,Female,185.105.48.30
125,Pembroke,Bjerkan,pbjerkan3g@bbc.co.uk,Male,206.9.107.137
126,Rikki,Perone,rperone3h@nih.gov,Male,220.26.151.75
127,Yehudi,De Angelo,ydeangelo3i@kickstarter.com,Male,180.98.25.137
128,Jedidiah,Gadie,jgadie3j@ehow.com,Male,220.149.219.66
129,Mirna,Howat,mhowat3k@usatoday.com,Female,57.26.26.47
130,Bendite,Pittford,bpittford3l@qq.com,Female,227.106.129.123
131,Cosmo,Staunton,cstaunton3m@ning.com,Male,204.237.38.12
132,Horacio,Stoter,hstoter3n@bigcartel.com,Male,64.50.86.7
133,Joete,Goble,jgoble3o@weebly.com,Female,64.252.182.157
134,Omero,Maddox,omaddox3p@creativecommons.org,Male,68.34.129.52
135,Dennie,Totaro,dtotaro3q@about.me,Female,249.178.223.38
136,Sophey,Merrell,smerrell3r@cmu.edu,Female,96.136.128.62
137,Lacy,Dighton,ldighton3s@mozilla.com,Female,115.165.127.28
138,Brig,Papps,bpapps3t@mlb.com,Male,141.19.235.190
139,Piotr,Longdon,plongdon3u@army.mil,Male,1.160.28.158
140,Solomon,Arrighini,sarrighini3v@umn.edu,Male,53.171.206.78
141,Hussein,Towers,htowers3w@bbb.org,Male,201.50.164.186
142,Andie,Marshalleck,amarshalleck3x@shop-pro.jp,Male,22.149.98.228
143,Mufinella,Kraft,mkraft3y@sogou.com,Female,147.254.236.98
144,Willdon,Fountain,wfountain3z@sfgate.com,Male,115.99.224.129
145,Gunar,Scalia,gscalia40@example.com,Male,252.137.190.31
146,Rafaelia,Dyott,rdyott41@patch.com,Female,142.113.13.155
147,Hanni,Tolumello,htolumello42@nps.gov,Female,75.86.122.65
148,Sally,Musprat,smusprat43@reuters.com,Female,123.66.190.112
149,Nicolina,MacBean,nmacbean44@pbs.org,Female,82.115.106.114
150,Julianna,Norvell,jnorvell45@unblog.fr,Female,33.80.68.30
151,Hilly,Jeppe,hjeppe46@utexas.edu,Male,214.35.92.187
152,Judas,Libbie,jlibbie47@opera.com,Male,62.162.232.119
153,Trista,Dobey,tdobey48@huffingtonpost.com,Female,80.151.18.73
154,Chariot,Jessen,cjessen49@hexun.com,Male,112.65.202.209
155,Nev,Matheson,nmatheson4a@ted.com,Male,177.135.220.46
156,Maggi,Findlow,mfindlow4b@51.la,Female,212.103.77.233
157,Prince,Roberson,proberson4c@vinaora.com,Male,65.163.46.255
158,Aube,Schimaschke,aschimaschke4d@hao123.com,Male,108.92.154.29
159,Frannie,Deverill,fdeverill4e@comsenz.com,Female,76.130.4.24
160,Helena,Piser,hpiser4f@omniture.com,Female,179.254.137.244
161,Forster,McBrearty,fmcbrearty4g@washingtonpost.com,Male,197.27.146.236
162,Kip,Budget,kbudget4h@upenn.edu,Male,114.6.151.26
163,Oran,Wasylkiewicz,owasylkiewicz4i@reuters.com,Male,43.153.249.79
164,Jemmie,MacPhail,jmacphail4j@ucla.edu,Female,39.219.23.21
165,Minda,Wallentin,mwallentin4k@thetimes.co.uk,Female,100.76.167.8
166,Con,Calton,ccalton4l@fastcompany.com,Male,225.13.41.189
167,Erica,Featherstonehaugh,efeatherstonehaugh4m@amazonaws.com,Female,162.106.174.148
168,Carmina,McLeese,cmcleese4n@hubpages.com,Female,225.247.153.172
169,Margi,Benjafield,mbenjafield4o@howstuffworks.com,Female,223.196.15.195
170,Consolata,Edland,cedland4p@businesswire.com,Female,31.170.136.160
171,Chance,Vassman,cvassman4q@noaa.gov,Male,246.32.3.63
172,Melvyn,Chotty,mchotty4r@ustream.tv,Male,8.140.39.186
173,Chicky,Duchant,cduchant4s@craigslist.org,Female,132.145.110.188
174,Sophie,Blonfield,sblonfield4t@tinypic.com,Female,213.54.230.11
175,Phillipe,Gilham,pgilham4u@zdnet.com,Male,47.27.26.22
176,Steffane,Bakesef,sbakesef4v@example.com,Female,99.125.203.215
177,Rosalinde,Alam,ralam4w@answers.com,Female,2.12.201.205
178,Von,Oxton,voxton4x@nature.com,Male,174.187.222.191
179,Chad,Dacres,cdacres4y@hhs.gov,Female,45.167.1.122
180,Tedmund,Josephy,tjosephy4z@alibaba.com,Male,127.32.209.223
181,Alyosha,Bromby,abromby50@samsung.com,Male,60.234.247.187
182,Brander,Dysart,bdysart51@soundcloud.com,Male,200.76.148.83
183,Dyann,Vasyushkhin,dvasyushkhin52@google.nl,Female,212.52.255.65
184,Yuri,Aizlewood,yaizlewood53@stumbleupon.com,Male,56.44.128.216
185,Adah,Exrol,aexrol54@trellian.com,Female,244.71.134.168
186,Caesar,Brayley,cbrayley55@blinklist.com,Male,45.118.91.234
187,Jessi,Hirth,jhirth56@ifeng.com,Female,107.22.147.182
188,Kordula,Kinnoch,kkinnoch57@ibm.com,Female,18.148.104.139
189,Mile,Americi,mamerici58@wufoo.com,Male,91.83.182.116
190,Letty,Acome,lacome59@tmall.com,Female,32.157.195.182
191,Camilla,Perrigo,cperrigo5a@csmonitor.com,Female,162.155.126.105
192,Monah,Uff,muff5b@xinhuanet.com,Female,182.200.179.101
193,Bevan,Collins,bcollins5c@cdbaby.com,Male,101.121.129.218
194,Gardner,Dresche,gdresche5d@etsy.com,Male,114.108.57.14
195,Silvain,Mansuer,smansuer5e@dailymail.co.uk,Male,205.182.19.47
196,Jorie,Rayner,jrayner5f@tuttocitta.it,Female,130.36.58.56
197,Alfi,Lias,alias5g@techcrunch.com,Female,54.160.132.235
198,Torey,Easson,teasson5h@live.com,Female,244.138.5.218
199,Kelsi,Adshede,kadshede5i@last.fm,Female,70.227.19.236
200,Dorthea,Wooldridge,dwooldridge5j@ameblo.jp,Female,28.251.160.84
201,Emelita,Andriulis,eandriulis5k@addthis.com,Female,18.86.19.17
202,Guinna,Charlesworth,gcharlesworth5l@taobao.com,Female,178.26.167.151
203,Vasily,McCarrison,vmccarrison5m@nasa.gov,Male,47.52.77.34
204,Kalli,Elcott,kelcott5n@dailymail.co.uk,Female,139.103.10.45
205,Roanna,McMurtyr,rmcmurtyr5o@guardian.co.uk,Female,57.199.49.211
206,Selene,Moscrop,smoscrop5p@wikispaces.com,Female,169.103.230.207
207,Hugh,Pinwill,hpinwill5q@ameblo.jp,Male,162.128.10.140
208,Laurent,Lavington,llavington5r@furl.net,Male,62.67.62.68
209,Babb,Oldham,boldham5s@blinklist.com,Female,180.171.21.240
210,Jimmie,Mustchin,jmustchin5t@moonfruit.com,Male,43.131.161.108
211,Stevy,Drivers,sdrivers5u@altervista.org,Male,88.232.65.12
212,Faustine,De Cleen,fdecleen5v@reddit.com,Female,221.207.38.170
213,Siusan,Harmston,sharmston5w@nyu.edu,Female,84.172.91.29
214,Ricki,Siverns,rsiverns5x@guardian.co.uk,Male,55.39.36.36
215,Frasier,Behagg,fbehagg5y@yandex.ru,Male,170.32.84.102
216,Mattie,Kitteringham,mkitteringham5z@imdb.com,Female,37.36.121.217
217,Timmi,Tohill,ttohill60@prnewswire.com,Female,140.110.220.119
218,Carissa,Fullstone,cfullstone61@java.com,Female,115.250.233.3
219,Rora,Woolfenden,rwoolfenden62@mayoclinic.com,Female,178.255.232.200
220,Shepperd,MacCaffrey,smaccaffrey63@senate.gov,Male,22.6.38.181
221,Chet,Keele,ckeele64@kickstarter.com,Male,96.242.109.164
222,Hussein,Elstob,helstob65@google.com.au,Male,25.28.202.6
223,Davy,Licciardo,dlicciardo66@stanford.edu,Male,17.243.107.155
224,Skip,Kiljan,skiljan67@seesaa.net,Male,196.6.219.133
225,Minny,McCuffie,mmccuffie68@weibo.com,Female,181.159.193.183
226,Malena,Ilott,milott69@dailymail.co.uk,Female,91.43.244.59
227,Forrest,Horwell,fhorwell6a@dyndns.org,Male,3.108.156.193
228,Tailor,McCormack,tmccormack6b@163.com,Male,127.197.245.61
229,Anissa,Castanyer,acastanyer6c@state.tx.us,Female,231.31.13.141
230,Latashia,Hanscome,lhanscome6d@oracle.com,Female,128.199.236.130
231,Melanie,Portugal,mportugal6e@time.com,Female,98.4.235.23
232,Elwood,Itzkovwitch,eitzkovwitch6f@etsy.com,Male,54.164.160.35
233,Gregorius,Lott,glott6g@sohu.com,Male,196.48.214.55
234,Edik,Cottham,ecottham6h@twitpic.com,Male,112.99.89.255
235,Cary,Castiblanco,ccastiblanco6i@shinystat.com,Male,86.144.57.172
236,Agnes,Robertsen,arobertsen6j@nasa.gov,Female,94.251.35.176
237,Lianne,Puleston,lpuleston6k@umich.edu,Female,229.230.23.0
238,Brion,Donaghie,bdonaghie6l@wsj.com,Male,120.69.169.155
239,Ellis,Sarfass,esarfass6m@nydailynews.com,Male,79.143.145.14
240,Rania,Pett,rpett6n@usda.gov,Female,71.74.17.183
241,Tonya,MacLaverty,tmaclaverty6o@oaic.gov.au,Female,231.182.152.186
242,Manuel,Ruggier,mruggier6p@indiegogo.com,Male,204.55.11.171
243,Katha,Whittingham,kwhittingham6q@t-online.de,Female,167.41.10.47
244,Ky,Varren,kvarren6r@mysql.com,Male,24.225.245.22
245,Thomas,Kirley,tkirley6s@unblog.fr,Male,155.53.116.111
246,Dana,Spain,dspain6t@ycombinator.com,Male,190.249.62.138
247,Hannis,Dovey,hdovey6u@sciencedaily.com,Female,141.216.165.102
248,Graehme,Warrell,gwarrell6v@uiuc.edu,Male,161.75.12.179
249,Lydia,Gandy,lgandy6w@prweb.com,Female,176.249.43.80
250,Kass,Oakden,koakden6x@bluehost.com,Female,3.119.179.102
251,Eben,Docker,edocker6y@prnewswire.com,Male,136.6.129.91
252,Windham,Keefe,wkeefe6z@addtoany.com,Male,175.200.188.210
253,Clevey,Schubart,cschubart70@home.pl,Male,113.174.77.91
254,Adrianne,Bunclark,abunclark71@e-recht24.de,Female,244.109.134.56
255,Sinclair,Tilly,stilly72@boston.com,Male,168.9.176.127
256,Geoffrey,Clemenceau,gclemenceau73@biblegateway.com,Male,243.5.76.147
257,Rutger,Casetti,rcasetti74@etsy.com,Male,8.175.109.253
258,Reynard,Ozanne,rozanne75@pen.io,Male,65.80.15.198
259,Omar,Valentim,ovalentim76@ebay.co.uk,Male,119.234.116.60
260,Kara,Mournian,kmournian77@zdnet.com,Female,30.176.19.34
261,Felita,Audibert,faudibert78@yellowpages.com,Female,67.84.97.94
262,Catina,Kersey,ckersey79@whitehouse.gov,Female,85.152.110.145
263,Richy,Headington,rheadington7a@businessweek.com,Male,72.148.21.125
264,Livvyy,Willans,lwillans7b@theatlantic.com,Female,231.10.32.80
265,Carolus,Henkens,chenkens7c@amazon.de,Male,25.166.124.35
266,Martguerita,Lummasana,mlummasana7d@tuttocitta.it,Female,247.147.39.97
267,Gerhardt,Ollie,gollie7e@usda.gov,Male,236.113.115.211
268,Helyn,Shilling,hshilling7f@who.int,Female,206.46.5.24
269,Erich,Rehn,erehn7g@com.com,Male,224.215.24.110
270,Caritta,Khoter,ckhoter7h@squidoo.com,Female,227.202.171.100
271,Karel,Diess,kdiess7i@biblegateway.com,Female,169.211.52.218
272,Maia,Wellfare,mwellfare7j@amazon.co.jp,Female,179.196.46.15
273,Lefty,Yetts,lyetts7k@archive.org,Male,28.194.200.255
274,Natala,Nolli,nnolli7l@unesco.org,Female,87.219.196.170
275,Jock,Schulz,jschulz7m@wiley.com,Male,177.195.160.62
276,Katleen,O'Logan,kologan7n@google.co.uk,Female,214.79.247.26
277,Salim,Brophy,sbrophy7o@usgs.gov,Male,129.139.162.167
278,Lyn,Strover,lstrover7p@tumblr.com,Female,177.37.5.214
279,Ansley,Rosin,arosin7q@oracle.com,Female,160.97.67.248
280,Norman,Tompkiss,ntompkiss7r@furl.net,Male,108.75.4.52
281,Jennette,Jellicorse,jjellicorse7s@paginegialle.it,Female,172.189.90.121
282,Jordanna,Farfoot,jfarfoot7t@trellian.com,Female,211.42.147.98
283,Jaymie,Josse,jjosse7u@google.pl,Male,104.252.146.239
284,Connor,Gilliard,cgilliard7v@yellowpages.com,Male,63.171.156.121
285,Waiter,Grimmer,wgrimmer7w@time.com,Male,240.9.92.36
286,Jean,Kubera,jkubera7x@indiegogo.com,Female,40.165.48.24
287,Harlin,Zink,hzink7y@imdb.com,Male,8.242.137.110
288,Pavia,Barks,pbarks7z@senate.gov,Female,125.238.32.27
289,Mercy,Dunnett,mdunnett80@cafepress.com,Female,124.215.233.166
290,Bartie,Pibworth,bpibworth81@ezinearticles.com,Male,174.74.3.240
291,Eartha,Kleanthous,ekleanthous82@zdnet.com,Female,199.207.173.198
292,Buckie,Attenborrow,battenborrow83@oaic.gov.au,Male,25.197.237.151
293,Ermin,Hawes,ehawes84@google.com.au,Male,60.156.252.86
294,Ara,Cuerda,acuerda85@slate.com,Male,164.149.187.177
295,Dorene,Dowsing,ddowsing86@adobe.com,Female,80.185.92.151
296,Seana,Cromar,scromar87@sun.com,Female,87.11.163.199
297,Germaine,Strattan,gstrattan88@icio.us,Female,203.79.118.58
298,Jeno,D'eathe,jdeathe89@youku.com,Male,15.255.162.40
299,Dorella,Ashborne,dashborne8a@nps.gov,Female,7.139.141.107
300,Essie,Davsley,edavsley8b@trellian.com,Female,136.122.87.190
301,Justine,Lutsch,jlutsch8c@imgur.com,Female,25.215.137.210
302,Preston,Felce,pfelce8d@go.com,Male,133.51.105.28
303,Gardie,Quilliam,gquilliam8e@icq.com,Male,74.139.16.120
304,Libbie,McGilben,lmcgilben8f@google.es,Female,147.195.59.52
305,Trueman,Gilbank,tgilbank8g@wordpress.com,Male,42.192.22.117
306,Dirk,Search,dsearch8h@stanford.edu,Male,95.117.20.112
307,Jobi,Jon,jjon8i@skype.com,Female,112.196.135.137
308,Arri,Kopfen,akopfen8j@scribd.com,Male,27.35.152.179
309,Julita,Sterke,jsterke8k@nps.gov,Female,228.131.183.120
310,Iggie,Widdowes,iwiddowes8l@sbwire.com,Male,48.250.9.94
311,Had,Larmett,hlarmett8m@360.cn,Male,175.145.128.245
312,Fernanda,Andrassy,fandrassy8n@google.nl,Female,130.253.132.176
313,Carri,Priestnall,cpriestnall8o@godaddy.com,Female,227.80.98.53
314,Laure,Heinecke,lheinecke8p@cbsnews.com,Female,199.39.196.221
315,Dale,Bewlie,dbewlie8q@last.fm,Female,118.195.126.76
316,Jaymie,Honnicott,jhonnicott8r@naver.com,Male,175.133.45.46
317,Cathlene,Wickwarth,cwickwarth8s@ustream.tv,Female,167.107.3.188
318,Fernando,Darell,fdarell8t@weather.com,Male,108.235.120.222
319,Jenilee,Sullivan,jsullivan8u@cmu.edu,Female,104.148.209.73
320,Ramsay,Hannay,rhannay8v@cbc.ca,Male,101.219.127.141
321,Juliane,Klemt,jklemt8w@ihg.com,Female,134.142.24.144
322,Gussie,Digger,gdigger8x@symantec.com,Female,185.153.184.63
323,Ivar,Reymers,ireymers8y@behance.net,Male,189.69.51.91
324,Louis,McQuaker,lmcquaker8z@dedecms.com,Male,0.44.65.156
325,Stephen,Naldrett,snaldrett90@deliciousdays.com,Male,46.147.36.90
326,Bradney,Souley,bsouley91@amazon.co.uk,Male,189.182.112.196
327,Alix,McKeurton,amckeurton92@hao123.com,Male,57.185.109.252
328,Alvira,Lochet,alochet93@baidu.com,Female,9.249.238.47
329,Licha,McAree,lmcaree94@usnews.com,Female,25.139.175.181
330,Holly,Beastall,hbeastall95@163.com,Female,231.159.79.73
331,Rollie,Durker,rdurker96@trellian.com,Male,60.174.41.215
332,Devi,Gillise,dgillise97@bbb.org,Female,115.152.214.144
333,Boot,Jodkowski,bjodkowski98@drupal.org,Male,152.253.30.16
334,Cord,Egdal,cegdal99@mediafire.com,Male,99.161.67.185
335,Katya,Klimecki,kklimecki9a@deliciousdays.com,Female,59.176.171.109
336,Halsey,Gravell,hgravell9b@msn.com,Male,146.180.16.95
337,Mattias,Harbidge,mharbidge9c@howstuffworks.com,Male,29.176.179.230
338,Celisse,Munro,cmunro9d@hp.com,Female,237.92.147.221
339,Nollie,Tideswell,ntideswell9e@qq.com,Male,44.26.55.203
340,Kayne,Exer,kexer9f@berkeley.edu,Male,101.71.13.185
341,Elijah,Skyrme,eskyrme9g@theguardian.com,Male,68.29.143.247
342,Jackson,McCahill,jmccahill9h@techcrunch.com,Male,120.231.175.18
343,Derrek,Forker,dforker9i@dion.ne.jp,Male,13.167.112.251
344,Avrit,Copins,acopins9j@merriam-webster.com,Female,108.29.241.70
345,Rania,Gypson,rgypson9k@ted.com,Female,176.194.86.245
346,Ellary,Cozins,ecozins9l@go.com,Male,47.91.127.83
347,Eldin,Filippyev,efilippyev9m@webs.com,Male,237.54.94.192
348,Genia,de Guerre,gdeguerre9n@symantec.com,Female,137.81.7.106
349,Sherwood,Deroche,sderoche9o@archive.org,Male,27.205.80.157
350,Amii,Bishopp,abishopp9p@exblog.jp,Female,186.92.58.214
351,Jorry,Plumb,jplumb9q@flavors.me,Female,109.207.70.252
352,Griffin,Wetton,gwetton9r@telegraph.co.uk,Male,253.176.25.0
353,Lita,O'Boyle,loboyle9s@economist.com,Female,41.205.143.104
354,Caitrin,Milius,cmilius9t@aol.com,Female,255.210.9.68
355,Jacquie,Chaplin,jchaplin9u@time.com,Female,22.146.193.196
356,Alf,Bartolacci,abartolacci9v@nps.gov,Male,62.194.214.13
357,Mallorie,Skrzynski,mskrzynski9w@sbwire.com,Female,115.205.210.38
358,Tera,Gillice,tgillice9x@fastcompany.com,Female,141.53.20.218
359,Jeffy,Heamus,jheamus9y@sphinn.com,Male,127.115.6.165
360,Rahel,Udell,rudell9z@merriam-webster.com,Female,232.228.18.160
361,Xerxes,Payley,xpayleya0@buzzfeed.com,Male,68.4.221.14
362,Domini,Giabuzzi,dgiabuzzia1@dropbox.com,Female,53.214.110.174
363,Jaye,Tweedie,jtweediea2@irs.gov,Male,158.209.53.70
364,Pennie,Ethington,pethingtona3@microsoft.com,Female,74.233.171.70
365,Eleanor,Milverton,emilvertona4@flickr.com,Female,80.44.125.75
366,Aggie,Sheraton,asheratona5@networkadvertising.org,Female,185.240.119.252
367,Rand,Igounet,rigouneta6@bizjournals.com,Male,17.155.151.60
368,Augusta,Geeves,ageevesa7@artisteer.com,Female,210.141.164.64
369,Rachel,Riep,rriepa8@craigslist.org,Female,28.86.87.107
370,Cristine,Fouch,cfoucha9@homestead.com,Female,94.198.132.114
371,Biron,Tootal,btootalaa@moonfruit.com,Male,182.213.101.33
372,Christian,Vossing,cvossingab@desdev.cn,Male,240.117.112.182
373,Dorthy,Mosco,dmoscoac@microsoft.com,Female,142.156.3.51
374,Deane,Winning,dwinningad@shutterfly.com,Male,238.172.134.45
375,Petronilla,Caulfield,pcaulfieldae@addtoany.com,Female,165.67.130.83
376,Morey,Alves,malvesaf@youtube.com,Male,7.73.119.100
377,Raff,Grant,rgrantag@opensource.org,Male,138.139.20.151
378,Elbertina,Atwel,eatwelah@taobao.com,Female,201.111.65.19
379,Sukey,Roswarn,sroswarnai@hexun.com,Female,142.76.9.74
380,Steve,Maryman,smarymanaj@bloglovin.com,Male,29.87.128.192
381,Becca,McLaggan,bmclagganak@craigslist.org,Female,28.196.213.214
382,Maddi,Alwood,malwoodal@washingtonpost.com,Female,179.172.35.163
383,Marmaduke,Curling,mcurlingam@tumblr.com,Male,95.65.38.109
384,Clarissa,Peregrine,cperegrinean@last.fm,Female,217.68.137.113
385,Tildi,Eustes,teustesao@wikimedia.org,Female,133.95.118.246
386,Jess,Hovell,jhovellap@people.com.cn,Female,6.67.78.170
387,Radcliffe,Bristowe,rbristoweaq@nba.com,Male,191.26.25.179
388,Conchita,Flukes,cflukesar@theguardian.com,Female,142.39.99.111
389,Fay,Oliffe,foliffeas@woothemes.com,Female,61.58.166.253
390,Laural,Schimmang,lschimmangat@joomla.org,Female,131.122.19.49
391,Ricki,Dominelli,rdominelliau@apache.org,Female,173.68.14.241
392,Hew,Laxson,hlaxsonav@slate.com,Male,181.123.78.239
393,Obidiah,Stain,ostainaw@jiathis.com,Male,138.51.45.203
394,Coreen,Fortnam,cfortnamax@bloglovin.com,Female,169.226.162.179
395,Phyllida,Scaife,pscaifeay@vkontakte.ru,Female,168.66.42.218
396,Nathaniel,Kwiek,nkwiekaz@yelp.com,Male,145.205.170.233
397,Ilise,Emsley,iemsleyb0@sbwire.com,Female,18.31.57.89
398,Bernardina,Hugnin,bhugninb1@google.ca,Female,158.119.3.140
399,Brien,Tredget,btredgetb2@ustream.tv,Male,244.5.154.181
400,Viviana,Dickerson,vdickersonb3@cnn.com,Female,100.232.14.213
401,Bella,Letertre,bletertreb4@w3.org,Female,164.169.191.249
402,Paxon,Creek,pcreekb5@narod.ru,Male,246.101.90.19
403,Edeline,Ainge,eaingeb6@ebay.co.uk,Female,132.223.107.109
404,Darya,Jaques,djaquesb7@sina.com.cn,Female,36.228.25.163
405,Doria,Coddrington,dcoddringtonb8@exblog.jp,Female,59.123.219.117
406,Heida,Garrad,hgarradb9@live.com,Female,89.144.205.142
407,Jordan,Challice,jchalliceba@dyndns.org,Female,200.234.148.147
408,Stacia,Ryle,srylebb@nationalgeographic.com,Female,247.252.217.67
409,Horatia,Dannehl,hdannehlbc@shareasale.com,Female,210.21.225.229
410,Idell,MacKowle,imackowlebd@constantcontact.com,Female,104.172.1.192
411,Steward,Creffield,screffieldbe@woothemes.com,Male,146.195.244.163
412,Ermentrude,Walczak,ewalczakbf@go.com,Female,37.195.173.149
413,Hallsy,Immings,himmingsbg@tuttocitta.it,Male,184.181.66.209
414,Bent,Hendriksen,bhendriksenbh@histats.com,Male,167.177.22.161
415,Giustina,Southwell,gsouthwellbi@illinois.edu,Female,101.43.228.253
416,Louisa,Hallett,lhallettbj@xrea.com,Female,63.205.127.109
417,Elwin,Dresser,edresserbk@facebook.com,Male,127.51.12.134
418,Goldy,Weldrick,gweldrickbl@pen.io,Female,174.109.41.89
419,Antonino,Laterza,alaterzabm@github.com,Male,83.202.143.124
420,Henrik,Robbert,hrobbertbn@hugedomains.com,Male,127.239.190.28
421,Gilberte,Barthelemy,gbarthelemybo@technorati.com,Female,5.192.30.12
422,Binni,Dowse,bdowsebp@goodreads.com,Female,8.250.224.244
423,Horatio,Dolton,hdoltonbq@youku.com,Male,204.17.125.84
424,Normie,O'Reilly,noreillybr@jimdo.com,Male,53.134.202.144
425,Anestassia,Elfitt,aelfittbs@angelfire.com,Female,6.98.209.112
426,Rosmunda,Strick,rstrickbt@usa.gov,Female,230.143.153.225
427,Noelle,Sailor,nsailorbu@tuttocitta.it,Female,221.94.129.104
428,Emanuele,Bayston,ebaystonbv@posterous.com,Male,202.74.121.220
429,Niels,Cast,ncastbw@bloglovin.com,Male,139.72.108.211
430,Jess,Kolak,jkolakbx@amazon.com,Male,215.24.231.172
431,Margo,Desesquelle,mdesesquelleby@wikipedia.org,Female,133.83.17.24
432,Christy,Daintry,cdaintrybz@freewebs.com,Female,150.29.201.47
433,Amos,Creasey,acreaseyc0@nytimes.com,Male,196.19.149.132
434,Nico,Ridoutt,nridouttc1@ox.ac.uk,Male,202.84.80.33
435,Berky,Schubbert,bschubbertc2@apple.com,Male,109.188.169.120
436,Barty,Pagden,bpagdenc3@a8.net,Male,31.226.137.98
437,Dalis,Lindeberg,dlindebergc4@topsy.com,Male,235.35.112.4
438,Rubi,O'Hearn,rohearnc5@who.int,Female,55.68.79.222
439,Baldwin,Biss,bbissc6@pagesperso-orange.fr,Male,226.99.75.47
440,Gusti,Iveans,giveansc7@xinhuanet.com,Female,221.203.95.245
441,Ives,Burriss,iburrissc8@slate.com,Male,187.193.58.223
442,Roby,Tufts,rtuftsc9@bloglines.com,Female,25.29.86.138
443,Jenn,Odams,jodamsca@mtv.com,Female,193.243.213.152
444,Thorpe,Jowling,tjowlingcb@apple.com,Male,101.28.157.108
445,Leonerd,Needs,lneedscc@cbsnews.com,Male,202.36.4.241
446,Karola,Benck,kbenckcd@reference.com,Female,24.125.161.43
447,Jeth,Gerin,jgerince@japanpost.jp,Male,163.18.16.19
448,Kassey,Collen,kcollencf@google.pl,Female,153.110.34.73
449,Vivyanne,Beekmann,vbeekmanncg@histats.com,Female,206.112.84.221
450,Ernest,Guidi,eguidich@java.com,Male,138.64.106.249
451,Gael,Inchbald,ginchbaldci@parallels.com,Male,231.114.54.219
452,Hyacintha,Davis,hdaviscj@parallels.com,Female,99.144.113.112
453,Bertha,Behrens,bbehrensck@bigcartel.com,Female,67.7.187.206
454,Pembroke,Gabey,pgabeycl@wunderground.com,Male,127.209.132.233
455,Sib,Blaydes,sblaydescm@simplemachines.org,Female,126.186.125.0
456,Elton,Limpenny,elimpennycn@ucla.edu,Male,140.44.188.159
457,Uri,Pock,upockco@dedecms.com,Male,189.8.230.5
458,Nickey,Grimoldby,ngrimoldbycp@comsenz.com,Male,183.30.46.68
459,Kimball,Yandle,kyandlecq@auda.org.au,Male,204.16.157.104
460,Constantin,Perview,cperviewcr@arizona.edu,Male,35.248.193.1
461,Milka,Branston,mbranstoncs@mit.edu,Female,226.27.146.216
462,Maren,Roston,mrostonct@patch.com,Female,65.93.134.27
463,Edan,Puttock,eputtockcu@sfgate.com,Male,142.52.69.48
464,Pate,Manilove,pmanilovecv@hibu.com,Male,161.93.244.127
465,Hortensia,Duckerin,hduckerincw@godaddy.com,Female,146.36.37.131
466,Hurlee,Thunderman,hthundermancx@msu.edu,Male,52.172.19.7
467,Lazarus,Pavic,lpaviccy@sun.com,Male,170.47.111.71
468,Spense,Duggon,sduggoncz@plala.or.jp,Male,62.100.69.187
469,Raddy,Hansemann,rhansemannd0@army.mil,Male,50.171.3.134
470,Olvan,Barfield,obarfieldd1@cnbc.com,Male,160.123.254.92
471,Mead,Rotherforth,mrotherforthd2@cdc.gov,Female,134.140.2.189
472,Freedman,Robyns,frobynsd3@weibo.com,Male,108.24.228.8
473,Nelli,Tiddy,ntiddyd4@china.com.cn,Female,63.248.49.238
474,Mirna,Peppard,mpeppardd5@wunderground.com,Female,158.10.115.132
475,Risa,Archanbault,rarchanbaultd6@google.ca,Female,185.103.89.38
476,Hanny,Ivanishchev,hivanishchevd7@theguardian.com,Female,122.167.71.186
477,Tobey,Sheasby,tsheasbyd8@cpanel.net,Female,149.51.10.142
478,Dave,Trendle,dtrendled9@unesco.org,Male,170.76.61.3
479,Gibb,St. Paul,gstpaulda@wsj.com,Male,50.66.137.33
480,Charin,Harling,charlingdb@businessinsider.com,Female,196.157.32.149
481,Renee,Woodroff,rwoodroffdc@flavors.me,Female,6.133.7.199
482,Bertrand,Kime,bkimedd@chron.com,Male,162.141.34.38
483,Bentlee,Tawton,btawtonde@themeforest.net,Male,0.181.45.222
484,Clari,McNess,cmcnessdf@marriott.com,Female,23.171.193.151
485,Arin,De Angelis,adeangelisdg@blogs.com,Male,17.113.217.5
486,Emmy,Kermitt,ekermittdh@reddit.com,Female,188.38.133.128
487,Zenia,Waye,zwayedi@census.gov,Female,202.56.161.98
488,Morgan,MacKeague,mmackeaguedj@bloomberg.com,Male,255.11.157.38
489,Lolly,MacConnel,lmacconneldk@ocn.ne.jp,Female,150.190.126.86
490,Johnathan,Hazlegrove,jhazlegrovedl@jigsy.com,Male,75.31.95.218
491,Kaleb,Caird,kcairddm@wix.com,Male,138.74.113.6
492,Stacy,Debrick,sdebrickdn@mozilla.com,Male,14.101.127.123
493,Cristal,Sidwick,csidwickdo@businessinsider.com,Female,10.160.159.211
494,Giuseppe,Croom,gcroomdp@flavors.me,Male,4.197.221.5
495,Anderea,Hinkins,ahinkinsdq@illinois.edu,Female,99.215.158.101
496,Phedra,Baldung,pbaldungdr@drupal.org,Female,173.145.178.0
497,Cecilius,Merfin,cmerfinds@army.mil,Male,15.251.236.82
498,Reynard,Yellop,ryellopdt@plala.or.jp,Male,233.118.127.86
499,Blanca,Sellick,bsellickdu@cyberchimps.com,Female,55.114.245.74
500,Steve,Berrington,sberringtondv@ftc.gov,Male,250.216.1.150
501,Beauregard,Hallowes,bhallowesdw@altervista.org,Male,193.133.133.173
502,Denna,Hagergham,dhagerghamdx@hao123.com,Female,18.35.73.5
503,Janith,McGuffog,jmcguffogdy@ask.com,Female,98.22.128.47
504,Mercie,Strewther,mstrewtherdz@disqus.com,Female,111.177.139.220
505,Blaine,Patrie,bpatriee0@indiegogo.com,Male,98.73.168.225
506,Wesley,Rilings,wrilingse1@msn.com,Male,240.33.103.96
507,Dredi,Carville,dcarvillee2@yolasite.com,Female,216.24.123.20
508,Pammy,Dowry,pdowrye3@cdbaby.com,Female,10.123.241.221
509,Jacynth,Koeppke,jkoeppkee4@com.com,Female,110.147.176.67
510,Misty,Brusby,mbrusbye5@trellian.com,Female,87.106.253.221
511,Bonnie,McNaught,bmcnaughte6@wunderground.com,Female,109.27.183.222
512,Chelsy,Moralas,cmoralase7@unicef.org,Female,72.104.195.39
513,Verina,Skakunas,vskakunase8@ted.com,Female,178.98.175.20
514,Norina,Ost,noste9@angelfire.com,Female,227.144.125.155
515,Ludovico,Fessions,lfessionsea@bbc.co.uk,Male,128.84.133.199
516,Jeff,Handscombe,jhandscombeeb@japanpost.jp,Male,79.154.115.154
517,Orelia,Kubyszek,okubyszekec@apple.com,Female,236.236.154.111
518,Alasdair,Wigfield,awigfielded@meetup.com,Male,208.227.238.99
519,Cate,Bullerwell,cbullerwellee@nhs.uk,Female,234.28.152.149
520,Rafaelia,Chicotti,rchicottief@example.com,Female,244.181.130.82
521,Colette,Weaben,cweabeneg@last.fm,Female,234.206.209.95
522,Kim,Doddemeede,kdoddemeedeeh@rambler.ru,Female,235.176.70.39
523,Sybyl,Garr,sgarrei@washingtonpost.com,Female,179.77.82.33
524,Germana,Biernat,gbiernatej@theglobeandmail.com,Female,249.74.15.102
525,Daria,Waldron,dwaldronek@cam.ac.uk,Female,144.115.81.251
526,Mira,Benettini,mbenettiniel@mysql.com,Female,187.134.132.147
527,Berkeley,Thulborn,bthulbornem@google.com,Male,89.228.212.157
528,Robinett,Dict,rdicten@bluehost.com,Female,18.43.78.77
529,Lief,Castelletti,lcastellettieo@360.cn,Male,40.148.250.253
530,Dietrich,Duckworth,dduckworthep@pinterest.com,Male,134.15.75.47
531,Antin,Girodon,agirodoneq@indiegogo.com,Male,153.14.84.96
532,Alejoa,Ainscough,aainscougher@sfgate.com,Male,127.207.238.204
533,Armstrong,Gregolin,agregolines@diigo.com,Male,140.120.2.105
534,Hally,Brizland,hbrizlandet@list-manage.com,Female,150.221.45.70
535,Brocky,Culpin,bculpineu@home.pl,Male,74.81.68.35
536,Foss,Jamson,fjamsonev@histats.com,Male,47.191.96.152
537,Emmaline,Bradly,ebradlyew@dot.gov,Female,125.157.98.17
538,Hilario,Abella,habellaex@sina.com.cn,Male,221.241.83.145
539,Rickert,Hanner,rhannerey@sogou.com,Male,2.159.225.133
540,Jayne,De Laci,jdelaciez@vinaora.com,Female,253.130.150.226
541,Lauree,Worwood,lworwoodf0@ucsd.edu,Female,78.29.169.2
542,Ermina,Elnor,eelnorf1@spotify.com,Female,24.209.186.248
543,Wilmette,Dennant,wdennantf2@ocn.ne.jp,Female,31.52.239.144
544,Kelvin,Fillery,kfilleryf3@csmonitor.com,Male,53.76.23.235
545,Evelina,Ebbrell,eebbrellf4@mashable.com,Female,33.114.159.10
546,Cynthia,Etoile,cetoilef5@simplemachines.org,Female,90.222.104.27
547,Jaymee,Gosenell,jgosenellf6@xrea.com,Female,101.216.215.207
548,Tamar,Greatrex,tgreatrexf7@mit.edu,Female,115.97.75.15
549,Salem,Birckmann,sbirckmannf8@tuttocitta.it,Male,255.247.101.216
550,Fabiano,Sutheran,fsutheranf9@cafepress.com,Male,150.102.42.69
551,Judd,Firth,jfirthfa@trellian.com,Male,21.145.29.70
552,Lionel,Stimpson,lstimpsonfb@fema.gov,Male,33.137.224.177
553,Jillane,Gooley,jgooleyfc@pcworld.com,Female,210.187.91.55
554,Dunn,Legerton,dlegertonfd@disqus.com,Male,233.114.21.173
555,Joane,Woodus,jwoodusfe@va.gov,Female,85.100.56.243
556,Stevie,Piatti,spiattiff@cisco.com,Male,38.169.254.190
557,Barry,Cota,bcotafg@mtv.com,Female,176.141.225.136
558,Harv,Banstead,hbansteadfh@hc360.com,Male,119.27.165.191
559,Ford,Gedling,fgedlingfi@bluehost.com,Male,212.242.48.163
560,Tuckie,Ebhardt,tebhardtfj@businessweek.com,Male,26.117.56.21
561,Filippo,Hanlin,fhanlinfk@amazonaws.com,Male,178.228.92.155
562,Dore,Madsen,dmadsenfl@about.me,Male,204.252.68.63
563,Annabel,Zappel,azappelfm@elegantthemes.com,Female,149.25.2.133
564,Fredia,Butterworth,fbutterworthfn@soup.io,Female,35.143.178.10
565,Tommie,Wedderburn,twedderburnfo@chicagotribune.com,Male,100.76.104.167
566,Jedidiah,Lorenzetto,jlorenzettofp@businessinsider.com,Male,93.12.187.54
567,Alasteir,Tottle,atottlefq@sina.com.cn,Male,79.159.80.177
568,Nadya,Godrich,ngodrichfr@pinterest.com,Female,61.102.201.86
569,Rosalia,Treece,rtreecefs@scribd.com,Female,147.61.117.123
570,Far,Rabbage,frabbageft@multiply.com,Male,214.233.246.51
571,Cally,Ganiford,cganifordfu@amazon.co.uk,Female,139.154.195.171
572,Hayley,Measey,hmeaseyfv@reddit.com,Female,37.191.10.140
573,Vivian,Penhall,vpenhallfw@fc2.com,Female,177.230.175.66
574,Dael,Georgeson,dgeorgesonfx@hexun.com,Male,201.186.73.241
575,Cara,cornhill,ccornhillfy@wired.com,Female,83.246.238.30
576,Ara,Quirke,aquirkefz@weebly.com,Female,64.39.204.161
577,Bonnie,Aizikovitz,baizikovitzg0@wisc.edu,Female,239.207.131.158
578,Obed,Braunes,obraunesg1@dagondesign.com,Male,160.205.222.66
579,Timmy,Cuel,tcuelg2@arstechnica.com,Male,120.1.189.206
580,Hamilton,Raffeorty,hraffeortyg3@wordpress.com,Male,13.98.65.148
581,Karlotta,Labro,klabrog4@wunderground.com,Female,210.165.63.23
582,Kristoforo,Matonin,kmatoning5@dailymail.co.uk,Male,51.47.169.175
583,Gerek,Rolston,grolstong6@rakuten.co.jp,Male,123.34.157.154
584,Livvyy,Goodwill,lgoodwillg7@noaa.gov,Female,125.61.212.123
585,Jamal,Olliver,jolliverg8@boston.com,Male,6.68.181.225
586,Andi,Hames,ahamesg9@odnoklassniki.ru,Female,143.228.235.39
587,Edithe,Reay,ereayga@rediff.com,Female,125.227.202.130
588,Chery,Bengal,cbengalgb@omniture.com,Female,10.61.236.234
589,Silvester,Handford,shandfordgc@jimdo.com,Male,105.69.14.219
590,Rustin,Sanney,rsanneygd@icio.us,Male,182.50.139.213
591,Kayley,Smedley,ksmedleyge@hatena.ne.jp,Female,106.238.199.12
592,Stesha,Soggee,ssoggeegf@typepad.com,Female,241.149.210.241
593,Wendy,Oby,wobygg@vistaprint.com,Female,43.137.195.86
594,Alaric,Mallen,amallengh@nytimes.com,Male,235.181.213.57
595,Melly,Matthews,mmatthewsgi@storify.com,Female,121.150.154.195
596,Phip,Jaquest,pjaquestgj@nbcnews.com,Male,204.111.45.48
597,Carter,Trotton,ctrottongk@forbes.com,Male,190.215.124.84
598,Almire,Dalliwater,adalliwatergl@ucoz.ru,Female,107.143.202.236
599,Cosimo,Sydenham,csydenhamgm@cdc.gov,Male,95.96.81.242
600,Joel,Bainbridge,jbainbridgegn@devhub.com,Male,43.153.21.121
601,Curr,de Keyser,cdekeysergo@bluehost.com,Male,127.213.226.15
602,Henryetta,Frantzeni,hfrantzenigp@netvibes.com,Female,247.174.249.152
603,Lief,Mc Coughan,lmccoughangq@blogtalkradio.com,Male,85.117.4.134
604,Alexina,Stileman,astilemangr@unblog.fr,Female,105.1.182.66
605,Tiffy,Balke,tbalkegs@hp.com,Female,227.244.7.238
606,Hadley,Pettendrich,hpettendrichgt@github.io,Male,151.131.40.183
607,Reinald,Danilowicz,rdanilowiczgu@360.cn,Male,122.203.183.132
608,Kriste,Hyland,khylandgv@clickbank.net,Female,25.35.82.64
609,Dulcia,Mordan,dmordangw@hatena.ne.jp,Female,231.122.188.162
610,Shoshanna,Haynes,shaynesgx@altervista.org,Female,124.136.234.78
611,Teena,Giuron,tgiurongy@opera.com,Female,8.58.12.186
612,Valdemar,Putnam,vputnamgz@php.net,Male,154.118.113.56
613,Claudelle,Gibbe,cgibbeh0@google.fr,Female,236.19.153.136
614,Tomasine,Curtoys,tcurtoysh1@xrea.com,Female,134.145.31.180
615,Yule,Gilbank,ygilbankh2@hostgator.com,Male,57.212.226.141
616,Lanie,Sallter,lsallterh3@theglobeandmail.com,Female,69.99.65.87
617,Cathrin,Bruton,cbrutonh4@slashdot.org,Female,138.8.72.46
618,Thorsten,Russo,trussoh5@ucoz.com,Male,209.60.222.125
619,Blayne,Woodhead,bwoodheadh6@smh.com.au,Male,4.206.22.102
620,Dani,Bumby,dbumbyh7@mediafire.com,Male,236.123.175.175
621,Ricky,Tiner,rtinerh8@addthis.com,Male,171.47.156.111
622,Allen,Courtese,acourteseh9@jigsy.com,Male,45.188.26.70
623,Evvy,Puve,epuveha@yellowpages.com,Female,109.119.81.179
624,Joaquin,Tatchell,jtatchellhb@va.gov,Male,220.209.138.171
625,Myrta,Malkie,mmalkiehc@networksolutions.com,Female,12.234.143.230
626,Jodi,Ebdon,jebdonhd@unblog.fr,Male,34.107.240.75
627,Sharlene,Tale,stalehe@ft.com,Female,196.52.249.80
628,Goraud,Agglione,gagglionehf@examiner.com,Male,153.97.249.53
629,Raviv,Knowlman,rknowlmanhg@jugem.jp,Male,68.141.77.106
630,Anneliese,Gunther,aguntherhh@vistaprint.com,Female,217.57.158.94
631,Susanne,Citrine,scitrinehi@etsy.com,Female,11.142.104.165
632,Adrianna,McLachlan,amclachlanhj@comsenz.com,Female,232.166.174.157
633,Lory,Rosetti,lrosettihk@wired.com,Female,68.239.91.139
634,Arlie,Minichi,aminichihl@kickstarter.com,Female,158.234.16.102
635,Denney,Kerner,dkernerhm@chron.com,Male,185.8.109.77
636,Sandro,Witherby,switherbyhn@google.nl,Male,186.144.196.192
637,Gunter,Laweles,glawelesho@webeden.co.uk,Male,248.91.246.104
638,Fielding,Kinchlea,fkinchleahp@joomla.org,Male,41.243.205.77
639,Jeremie,Kynton,jkyntonhq@plala.or.jp,Male,9.233.205.156
640,Franklin,O'Kelly,fokellyhr@timesonline.co.uk,Male,211.114.211.172
641,Dorena,Oattes,doatteshs@hibu.com,Female,250.231.142.132
642,Vyky,Kleyn,vkleynht@miibeian.gov.cn,Female,200.226.40.59
643,Gabby,Weall,gweallhu@msn.com,Male,136.33.8.76
644,Kelbee,Thing,kthinghv@tmall.com,Male,175.141.69.227
645,Alex,Petyankin,apetyankinhw@vk.com,Female,61.217.29.39
646,Dion,Mickan,dmickanhx@merriam-webster.com,Male,25.221.83.52
647,Amberly,Croston,acrostonhy@qq.com,Female,138.246.49.32
648,Grenville,Monini,gmoninihz@tinyurl.com,Male,124.218.9.236
649,Bettye,Allon,balloni0@canalblog.com,Female,33.156.228.126
650,Jaquith,Webling,jweblingi1@mit.edu,Female,141.238.28.199
651,Elvyn,McKern,emckerni2@stanford.edu,Male,14.134.231.188
652,Brock,Aurelius,baureliusi3@cam.ac.uk,Male,209.17.66.246
653,Robert,Foxwell,rfoxwelli4@ezinearticles.com,Male,134.59.70.168
654,Meg,Yankov,myankovi5@naver.com,Female,77.86.42.128
655,Liam,Eakin,leakini6@eepurl.com,Male,231.96.184.160
656,Murial,Benoist,mbenoisti7@nydailynews.com,Female,13.109.224.14
657,Lorrayne,Willerton,lwillertoni8@accuweather.com,Female,83.244.113.92
658,Gunner,Penright,gpenrighti9@nih.gov,Male,147.176.85.24
659,Giselbert,Halliberton,ghallibertonia@google.com.hk,Male,67.152.51.10
660,Clo,Tolefree,ctolefreeib@list-manage.com,Female,87.243.217.250
661,Costanza,Eliff,celiffic@sina.com.cn,Female,130.213.57.201
662,Aldo,Cullington,acullingtonid@soup.io,Male,107.219.185.222
663,Magnum,Beeze,mbeezeie@studiopress.com,Male,82.3.120.171
664,Lawton,Dyment,ldymentif@digg.com,Male,45.59.54.170
665,Nataniel,Mordacai,nmordacaiig@blog.com,Male,28.51.77.45
666,Carly,Kinkead,ckinkeadih@smugmug.com,Female,16.50.143.165
667,Clotilda,Restorick,crestorickii@biblegateway.com,Female,36.188.200.35
668,Pris,Inglese,pingleseij@umich.edu,Female,95.229.182.91
669,Ogdan,Bouttell,obouttellik@nifty.com,Male,30.30.252.166
670,Filberto,Thickett,fthickettil@wikispaces.com,Male,155.66.198.109
671,Fanchon,McQuirter,fmcquirterim@umn.edu,Female,245.82.118.184
672,Meridel,Viveash,mviveashin@uol.com.br,Female,142.87.59.39
673,Mitchel,Coase,mcoaseio@prweb.com,Male,194.167.223.33
674,Lion,Gilvary,lgilvaryip@xing.com,Male,16.217.68.151
675,Aveline,Flight,aflightiq@51.la,Female,136.169.214.155
676,Sephira,Udden,suddenir@hostgator.com,Female,229.104.205.13
677,Barry,Morland,bmorlandis@twitpic.com,Male,65.197.115.106
678,Barde,Bennedick,bbennedickit@ftc.gov,Male,19.99.38.121
679,Elvina,Lasseter,elasseteriu@jiathis.com,Female,31.80.61.100
680,Almira,Tinham,atinhamiv@myspace.com,Female,146.133.99.56
681,Lilllie,Nelane,lnelaneiw@meetup.com,Female,51.202.148.132
682,Grover,Yandle,gyandleix@mail.ru,Male,88.106.221.189
683,Libbie,Ferrea,lferreaiy@gov.uk,Female,12.126.248.117
684,Agretha,Battrick,abattrickiz@mysql.com,Female,98.2.160.204
685,Roley,Mullaly,rmullalyj0@oaic.gov.au,Male,12.54.154.78
686,Barth,Berthomieu,bberthomieuj1@yahoo.com,Male,152.58.40.116
687,Angel,Kittow,akittowj2@unicef.org,Male,136.201.199.28
688,Tracie,Sherman,tshermanj3@msn.com,Female,10.183.182.161
689,Shannon,Knoller,sknollerj4@alibaba.com,Female,26.245.222.44
690,Harwell,Slocom,hslocomj5@prweb.com,Male,126.123.57.65
691,Idell,Faucherand,ifaucherandj6@nyu.edu,Female,143.186.120.91
692,Anatollo,Sieve,asievej7@istockphoto.com,Male,46.123.205.255
693,Coop,Davidde,cdaviddej8@prnewswire.com,Male,45.154.248.161
694,Goddard,Lewtey,glewteyj9@upenn.edu,Male,179.213.23.120
695,Glynn,Sanger,gsangerja@upenn.edu,Male,248.149.13.49
696,Burk,Butson,bbutsonjb@hc360.com,Male,254.85.45.184
697,Hastings,Sawer,hsawerjc@usgs.gov,Male,35.78.5.37
698,Matthus,de Merida,mdemeridajd@sciencedirect.com,Male,46.164.17.158
699,Pearce,Teather,pteatherje@telegraph.co.uk,Male,160.152.148.28
700,Pattie,Sacco,psaccojf@ca.gov,Female,122.215.12.67
701,Wit,Janowicz,wjanowiczjg@scientificamerican.com,Male,46.201.149.89
702,Naomi,Craw,ncrawjh@addthis.com,Female,239.186.44.166
703,Rollie,Servant,rservantji@amazon.co.jp,Male,39.56.229.139
704,Portie,Greenroa,pgreenroajj@comcast.net,Male,150.219.18.199
705,Justus,MacGuffie,jmacguffiejk@wikipedia.org,Male,220.136.69.231
706,Harman,Trewartha,htrewarthajl@domainmarket.com,Male,87.13.112.44
707,Stuart,Gantzman,sgantzmanjm@simplemachines.org,Male,29.127.197.175
708,Prudy,Bastistini,pbastistinijn@constantcontact.com,Female,67.13.181.166
709,Shelly,Wadeson,swadesonjo@pcworld.com,Female,5.126.213.22
710,Tamiko,Matczak,tmatczakjp@blogtalkradio.com,Female,155.101.232.204
711,Hallie,Landsbury,hlandsburyjq@netvibes.com,Female,18.3.93.217
712,Kipper,Rubertis,krubertisjr@archive.org,Male,98.181.35.228
713,Chloe,Grevatt,cgrevattjs@geocities.jp,Female,7.58.60.224
714,Stillman,Hailey,shaileyjt@slashdot.org,Male,134.103.171.191
715,Martguerita,Tanzer,mtanzerju@themeforest.net,Female,161.149.159.68
716,Whitney,Felipe,wfelipejv@tmall.com,Male,121.49.134.164
717,Maure,Hillhouse,mhillhousejw@oakley.com,Female,45.136.251.70
718,Risa,Lawfull,rlawfulljx@washingtonpost.com,Female,105.236.205.12
719,Kenny,Ellick,kellickjy@chron.com,Male,131.151.210.65
720,Sandor,Elbourn,selbournjz@bloglovin.com,Male,154.30.33.232
721,Cordelie,Morston,cmorstonk0@hibu.com,Female,133.78.216.204
722,Ogdan,Saberton,osabertonk1@berkeley.edu,Male,147.221.0.195
723,Martha,Langfat,mlangfatk2@bloomberg.com,Female,95.47.33.168
724,Burke,Grzelczyk,bgrzelczykk3@businessweek.com,Male,229.87.194.172
725,Hamlin,Arias,hariask4@surveymonkey.com,Male,52.133.42.236
726,Gill,Averall,gaverallk5@umn.edu,Female,10.48.164.98
727,Annamaria,Maginn,amaginnk6@booking.com,Female,41.187.21.12
728,Kalinda,Caldero,kcalderok7@deviantart.com,Female,111.53.78.27
729,Julieta,Dumigan,jdumigank8@w3.org,Female,73.252.235.103
730,Gibby,Flacknell,gflacknellk9@ox.ac.uk,Male,26.14.197.123
731,Rahel,Luthwood,rluthwoodka@mysql.com,Female,241.108.215.59
732,Guss,Grimsdale,ggrimsdalekb@about.com,Male,144.120.169.119
733,Edi,Jacquemard,ejacquemardkc@addthis.com,Female,38.225.254.137
734,Neddie,Chmarny,nchmarnykd@goo.gl,Male,50.84.228.77
735,Concordia,Danieli,cdanielike@rakuten.co.jp,Female,114.100.27.141
736,Morgan,Elcox,melcoxkf@meetup.com,Male,177.111.145.160
737,Carry,Berkowitz,cberkowitzkg@admin.ch,Female,222.38.114.220
738,Maje,Dewey,mdeweykh@yandex.ru,Male,187.87.201.118
739,Alexina,Jerrand,ajerrandki@gnu.org,Female,170.31.198.131
740,Sabine,Abbis,sabbiskj@hao123.com,Female,165.190.114.92
741,Patten,Campelli,pcampellikk@state.gov,Male,107.80.42.17
742,Ruthanne,Brettell,rbrettellkl@mac.com,Female,207.26.181.45
743,Timmy,Habershaw,thabershawkm@mediafire.com,Female,85.251.111.255
744,Kessia,Hofner,khofnerkn@tumblr.com,Female,90.212.79.220
745,Lesya,Forten,lfortenko@nifty.com,Female,2.178.16.13
746,Ebony,Wollaston,ewollastonkp@ftc.gov,Female,19.132.252.113
747,Heather,Glowacha,hglowachakq@ustream.tv,Female,236.36.209.254
748,Justin,Luxen,jluxenkr@mediafire.com,Male,109.123.36.7
749,Veriee,Rivett,vrivettks@amazonaws.com,Female,69.66.211.190
750,Steffie,Gerholz,sgerholzkt@rambler.ru,Female,201.104.235.86
751,Evy,Poppleston,epopplestonku@barnesandnoble.com,Female,70.47.115.250
752,Gerda,Cockton,gcocktonkv@abc.net.au,Female,243.241.70.212
753,Penni,Bennough,pbennoughkw@ow.ly,Female,226.46.77.163
754,Ira,Fone,ifonekx@yellowbook.com,Male,84.231.130.226
755,Lorri,Drackford,ldrackfordky@aol.com,Female,84.219.251.200
756,Clarance,Cometson,ccometsonkz@yahoo.com,Male,231.112.202.40
757,Kendrick,Wybern,kwybernl0@webeden.co.uk,Male,28.59.51.92
758,Marilin,Kaesmans,mkaesmansl1@harvard.edu,Female,133.26.96.87
759,Kerr,Bernaldez,kbernaldezl2@google.com.au,Male,253.125.253.41
760,Benedetto,Rubinovici,brubinovicil3@w3.org,Male,241.168.148.166
761,Georgetta,Cromie,gcromiel4@theguardian.com,Female,4.152.64.230
762,Salim,Tapscott,stapscottl5@google.nl,Male,79.158.204.142
763,Patric,Parmley,pparmleyl6@icq.com,Male,207.215.204.253
764,Farlie,Woolaghan,fwoolaghanl7@fda.gov,Male,114.163.76.245
765,Shayla,Shillom,sshilloml8@amazon.de,Female,252.178.197.118
766,Betta,Langthorne,blangthornel9@diigo.com,Female,31.186.88.221
767,Bethanne,Turpie,bturpiela@newyorker.com,Female,148.189.92.189
768,Tamas,Fynn,tfynnlb@state.gov,Male,28.197.174.52
769,Dannie,Smowton,dsmowtonlc@opera.com,Female,11.53.64.79
770,Barris,Maudson,bmaudsonld@yolasite.com,Male,182.55.153.196
771,Mord,Thatcham,mthatchamle@yolasite.com,Male,192.221.75.193
772,Orton,Eastcott,oeastcottlf@clickbank.net,Male,3.87.18.102
773,Arlen,Witz,awitzlg@google.es,Male,16.150.199.124
774,Alexandr,Ellerby,aellerbylh@cocolog-nifty.com,Male,161.59.223.245
775,Devonne,Shellshear,dshellshearli@sitemeter.com,Female,126.233.139.178
776,Cynthea,Clissett,cclissettlj@walmart.com,Female,106.60.105.154
777,Hamid,Thake,hthakelk@chronoengine.com,Male,225.66.46.223
778,Britt,Whitmore,bwhitmorell@artisteer.com,Male,196.61.142.164
779,Drugi,Pegden,dpegdenlm@macromedia.com,Male,100.143.178.56
780,Karlen,Karlsen,kkarlsenln@sphinn.com,Female,199.149.247.53
781,Ingmar,McAulay,imcaulaylo@apple.com,Male,157.125.100.80
782,Muire,Wheatley,mwheatleylp@globo.com,Female,64.39.140.14
783,Emlynne,Pandey,epandeylq@mashable.com,Female,168.30.235.215
784,Ludovika,Tames,ltameslr@answers.com,Female,42.111.162.55
785,Osmund,Spivey,ospiveyls@walmart.com,Male,188.246.141.76
786,Randy,Nardi,rnardilt@fc2.com,Male,187.245.211.74
787,Rollie,Rummings,rrummingslu@timesonline.co.uk,Male,111.173.37.104
788,Katy,Winspar,kwinsparlv@newsvine.com,Female,87.148.156.57
789,Brier,Raveau,braveaulw@t-online.de,Female,165.68.208.47
790,Westbrooke,Uccelli,wuccellilx@posterous.com,Male,176.168.209.22
791,Stanford,Minet,sminetly@nasa.gov,Male,235.5.193.155
792,Milzie,Lodge,mlodgelz@geocities.jp,Female,19.186.117.189
793,Carly,McDool,cmcdoolm0@google.ca,Female,50.69.13.112
794,Claire,Mc Grath,cmcgrathm1@blogspot.com,Male,109.194.246.0
795,Tamar,Terbruggen,tterbruggenm2@wiley.com,Female,189.184.148.254
796,Devy,McElvine,dmcelvinem3@unblog.fr,Male,23.98.254.34
797,Bernelle,Tresler,btreslerm4@cyberchimps.com,Female,233.204.201.253
798,Nessa,Geldeford,ngeldefordm5@4shared.com,Female,152.247.232.32
799,Georgi,D'Adamo,gdadamom6@devhub.com,Male,26.182.50.216
800,Toinette,Brambell,tbrambellm7@marriott.com,Female,126.97.161.13
801,Case,McGarrie,cmcgarriem8@myspace.com,Male,208.57.202.122
802,Julian,Erwin,jerwinm9@toplist.cz,Male,213.134.161.194
803,Mendel,State,mstatema@webnode.com,Male,43.88.166.158
804,Amalle,Innott,ainnottmb@yelp.com,Female,135.201.212.19
805,Tova,Echalie,techaliemc@google.com.hk,Female,87.93.33.230
806,Margery,Kneebone,mkneebonemd@oaic.gov.au,Female,152.247.197.204
807,Pennie,Walmsley,pwalmsleyme@baidu.com,Female,105.211.7.129
808,Karlik,Mayor,kmayormf@netscape.com,Male,126.211.140.1
809,Anthe,Akitt,aakittmg@ucoz.ru,Female,12.0.19.18
810,Alie,Grinikhinov,agrinikhinovmh@netvibes.com,Female,187.251.29.159
811,Nels,Kilshaw,nkilshawmi@marriott.com,Male,21.225.238.114
812,Trever,Cozens,tcozensmj@cocolog-nifty.com,Male,154.2.25.135
813,Cherish,Kreuzer,ckreuzermk@behance.net,Female,243.120.19.44
814,Aileen,Chatenet,achatenetml@acquirethisname.com,Female,59.242.252.137
815,Lulu,Melia,lmeliamm@wikia.com,Female,243.113.48.32
816,Anabal,Mallinar,amallinarmn@ovh.net,Female,216.201.113.31
817,Orella,Donegan,odoneganmo@disqus.com,Female,149.3.46.238
818,Justin,Lamplough,jlamploughmp@infoseek.co.jp,Male,182.230.106.47
819,Darya,Frick,dfrickmq@admin.ch,Female,150.55.5.133
820,Umeko,Dionisi,udionisimr@wp.com,Female,222.96.85.195
821,Cristine,Giacomello,cgiacomelloms@craigslist.org,Female,191.27.118.148
822,Madelaine,Bernucci,mbernuccimt@usatoday.com,Female,235.185.78.57
823,Gauthier,MacRorie,gmacroriemu@over-blog.com,Male,121.203.192.238
824,Talbert,Cunde,tcundemv@sciencedaily.com,Male,240.31.86.161
825,Fabe,Giacobbo,fgiacobbomw@edublogs.org,Male,167.43.255.155
826,Jacklin,Pavlovsky,jpavlovskymx@google.com.hk,Female,82.240.245.103
827,Henrieta,Maudling,hmaudlingmy@ifeng.com,Female,29.182.22.227
828,Juliette,Ralestone,jralestonemz@cisco.com,Female,34.248.64.154
829,Zebadiah,Salazar,zsalazarn0@mit.edu,Male,146.32.88.105
830,Marius,Volant,mvolantn1@taobao.com,Male,13.60.140.221
831,Darcy,Ingman,dingmann2@goo.ne.jp,Male,189.210.13.79
832,Tobi,Banisch,tbanischn3@acquirethisname.com,Female,216.56.42.153
833,Concordia,Maiden,cmaidenn4@princeton.edu,Female,135.245.194.43
834,Dunstan,Aldren,daldrenn5@photobucket.com,Male,87.154.22.185
835,Pietra,Waddoups,pwaddoupsn6@elpais.com,Female,159.98.40.244
836,Grace,Collcott,gcollcottn7@oracle.com,Female,85.182.53.130
837,Harley,Ponnsett,hponnsettn8@harvard.edu,Male,199.179.136.234
838,Kristian,Bosma,kbosman9@vk.com,Male,64.234.151.85
839,Eulalie,Sunnex,esunnexna@chronoengine.com,Female,131.140.2.180
840,Ediva,Bussetti,ebussettinb@statcounter.com,Female,113.78.116.208
841,Hilde,Bandiera,hbandieranc@jiathis.com,Female,135.234.6.155
842,Winston,Fosdick,wfosdicknd@tinypic.com,Male,96.228.55.125
843,Nate,Thebe,nthebene@domainmarket.com,Male,199.153.203.213
844,Delano,Brinson,dbrinsonnf@intel.com,Male,92.138.251.231
845,Natalee,Zorzini,nzorzining@google.pl,Female,221.119.216.169
846,Benedicto,Rainsbury,brainsburynh@aboutads.info,Male,117.11.65.132
847,Emmit,Thistleton,ethistletonni@sourceforge.net,Male,242.105.228.209
848,Tito,Atwell,tatwellnj@dion.ne.jp,Male,185.125.128.91
849,Brinna,Pidler,bpidlernk@engadget.com,Female,187.198.59.124
850,Susanna,Digance,sdigancenl@yelp.com,Female,176.85.12.113
851,Miltie,Eisikowitz,meisikowitznm@un.org,Male,85.14.53.81
852,Siward,Drains,sdrainsnn@163.com,Male,165.2.25.239
853,Hugues,Sansom,hsansomno@prweb.com,Male,220.82.237.120
854,Garey,Whitecross,gwhitecrossnp@earthlink.net,Male,120.243.156.234
855,Gabe,Stukings,gstukingsnq@addtoany.com,Male,99.19.123.6
856,Dietrich,Jirick,djiricknr@sogou.com,Male,135.230.154.26
857,Dru,Parkman,dparkmanns@mtv.com,Male,88.137.239.233
858,Jacki,MacGoun,jmacgounnt@fc2.com,Female,251.157.149.0
859,Thadeus,Guillot,tguillotnu@ycombinator.com,Male,221.244.68.116
860,Lenard,Labrum,llabrumnv@walmart.com,Male,146.82.151.156
861,Faunie,Vsanelli,fvsanellinw@livejournal.com,Female,41.225.34.91
862,Letti,Doole,ldoolenx@studiopress.com,Female,163.50.103.215
863,Tristam,Terzo,tterzony@netlog.com,Male,209.23.24.156
864,Erica,Garnson,egarnsonnz@msn.com,Female,128.1.228.87
865,Hadrian,Sugars,hsugarso0@epa.gov,Male,247.254.200.194
866,Horatius,Stevani,hstevanio1@vistaprint.com,Male,140.254.77.136
867,Madelyn,Zarb,mzarbo2@free.fr,Female,49.90.184.2
868,Moll,Petrushkevich,mpetrushkevicho3@friendfeed.com,Female,235.175.107.130
869,Deerdre,Orteau,dorteauo4@auda.org.au,Female,70.181.89.235
870,Corissa,Mapstone,cmapstoneo5@tuttocitta.it,Female,147.240.82.23
871,Felicia,Dibden,fdibdeno6@creativecommons.org,Female,126.14.57.244
872,Lorne,Henworth,lhenwortho7@buzzfeed.com,Male,193.132.63.149
873,Thaine,Grimston,tgrimstono8@bing.com,Male,202.204.255.135
874,Nicolina,Houlden,nhouldeno9@google.co.jp,Female,110.249.142.113
875,Sherman,Dickerson,sdickersonoa@hp.com,Male,6.21.173.208
876,Iggie,Dauby,idaubyob@whitehouse.gov,Male,154.198.24.12
877,Nicholas,Ludlamme,nludlammeoc@paginegialle.it,Male,53.19.133.39
878,Drake,Filtness,dfiltnessod@cocolog-nifty.com,Male,80.242.50.155
879,Windy,Corkhill,wcorkhilloe@bloglovin.com,Female,67.192.100.59
880,Beverly,Cozzi,bcozziof@google.pl,Female,36.95.196.45
881,Alisa,Lauks,alauksog@unc.edu,Female,50.114.64.238
882,Lew,Earwicker,learwickeroh@tumblr.com,Male,47.27.83.183
883,Orelia,Jonczyk,ojonczykoi@omniture.com,Female,165.247.220.192
884,Ty,Danaher,tdanaheroj@virginia.edu,Male,15.220.100.162
885,Shea,Bovingdon,sbovingdonok@about.com,Male,131.204.29.73
886,Mikol,Pershouse,mpershouseol@parallels.com,Male,242.78.140.223
887,Bryon,Coggill,bcoggillom@aol.com,Male,152.198.102.207
888,Lynn,Drewes,ldreweson@histats.com,Female,87.207.108.31
889,Donnie,Hartnell,dhartnelloo@ycombinator.com,Male,247.178.185.116
890,Janela,Reignolds,jreignoldsop@upenn.edu,Female,32.52.51.196
891,Alasdair,Colhoun,acolhounoq@wufoo.com,Male,65.204.9.176
892,Emelia,Pettifor,epettiforor@ezinearticles.com,Female,45.21.47.128
893,Broderick,Kerrane,bkerraneos@mysql.com,Male,138.141.28.100
894,Mickie,Teideman,mteidemanot@utexas.edu,Female,71.227.216.18
895,Julina,Adelberg,jadelbergou@discuz.net,Female,216.7.45.114
896,Dalila,Geldeard,dgeldeardov@is.gd,Female,213.124.240.37
897,Antonie,Dudding,aduddingow@buzzfeed.com,Female,136.92.250.218
898,Eleonora,Dumingo,edumingoox@columbia.edu,Female,52.119.60.200
899,Clemmie,Lowseley,clowseleyoy@amazonaws.com,Female,254.234.13.66
900,Taryn,Geane,tgeaneoz@alexa.com,Female,225.129.51.129
901,Renae,Sheardown,rsheardownp0@symantec.com,Female,253.104.107.89
902,Davida,Barz,dbarzp1@go.com,Female,110.200.143.62
903,Shae,Saing,ssaingp2@webs.com,Male,112.12.33.23
904,Dene,Pyper,dpyperp3@bloomberg.com,Male,197.85.172.88
905,Nikki,Borthram,nborthramp4@deviantart.com,Female,242.223.181.174
906,Bryce,Aberdalgy,baberdalgyp5@about.com,Male,1.126.178.215
907,Gardner,Dunbobin,gdunbobinp6@irs.gov,Male,78.201.156.39
908,Tibold,Lackham,tlackhamp7@tinypic.com,Male,130.206.2.161
909,Meryl,Manie,mmaniep8@timesonline.co.uk,Male,199.204.187.169
910,Abbott,Howsam,ahowsamp9@canalblog.com,Male,61.174.248.184
911,Tommie,Ponceford,tponcefordpa@wordpress.org,Male,191.43.172.111
912,Marsha,Cowsby,mcowsbypb@wordpress.org,Female,105.174.64.19
913,Cassie,Danelutti,cdaneluttipc@apple.com,Female,8.86.26.159
914,Ulrikaumeko,Bygraves,ubygravespd@amazon.co.uk,Female,254.3.22.25
915,Kayla,Battison,kbattisonpe@google.es,Female,2.188.233.12
916,Rowan,McQuaker,rmcquakerpf@newyorker.com,Male,109.76.37.157
917,Sax,Josskowitz,sjosskowitzpg@dmoz.org,Male,217.106.245.143
918,Janice,Petyanin,jpetyaninph@parallels.com,Female,55.247.229.93
919,Vite,Riediger,vriedigerpi@si.edu,Male,2.217.243.54
920,Sylas,Lamb,slambpj@dion.ne.jp,Male,57.180.51.66
921,Daryle,McDiarmid,dmcdiarmidpk@plala.or.jp,Male,40.255.73.116
922,Nicol,Mogridge,nmogridgepl@sun.com,Male,73.115.149.33
923,Luke,Ferns,lfernspm@shutterfly.com,Male,138.121.139.253
924,Tootsie,O'Lunney,tolunneypn@gov.uk,Female,182.68.231.40
925,Piper,Harcus,pharcuspo@hud.gov,Female,54.27.85.161
926,Maegan,Makiver,mmakiverpp@house.gov,Female,98.89.107.121
927,Alis,Jays,ajayspq@miitbeian.gov.cn,Female,236.211.62.182
928,Zacharia,Longfut,zlongfutpr@si.edu,Male,212.44.125.223
929,Paule,Barritt,pbarrittps@tiny.cc,Female,51.114.226.211
930,Warner,Tweedy,wtweedypt@cafepress.com,Male,153.94.181.236
931,Harris,Wickstead,hwicksteadpu@forbes.com,Male,103.6.157.31
932,Shelia,Bolus,sboluspv@cam.ac.uk,Female,79.5.220.58
933,Peggie,Storry,pstorrypw@facebook.com,Female,136.6.84.165
934,Erma,Ditchfield,editchfieldpx@squidoo.com,Female,135.36.91.2
935,Leontyne,Wabersinke,lwabersinkepy@who.int,Female,136.242.38.72
936,Meriel,Maddigan,mmaddiganpz@archive.org,Female,204.199.106.88
937,Thalia,Magee,tmageeq0@symantec.com,Female,43.58.193.113
938,Maurise,Schachter,mschachterq1@prlog.org,Female,5.48.252.160
939,Pepillo,Rangeley,prangeleyq2@cbc.ca,Male,90.102.196.38
940,Linda,Beaten,lbeatenq3@delicious.com,Female,46.201.61.211
941,Stephanus,Swaden,sswadenq4@baidu.com,Male,230.73.207.72
942,Jocko,Dwyr,jdwyrq5@msn.com,Male,5.33.4.123
943,Willi,Clampin,wclampinq6@princeton.edu,Male,204.106.102.166
944,Blondell,Lofthouse,blofthouseq7@webs.com,Female,78.115.174.211
945,Cross,Rittelmeyer,crittelmeyerq8@mapy.cz,Male,116.135.105.149
946,Gabbie,Ferroni,gferroniq9@cnet.com,Male,41.166.197.113
947,Helaina,Blancowe,hblancoweqa@usnews.com,Female,241.26.41.150
948,Christiana,Cogin,ccoginqb@canalblog.com,Female,139.103.203.172
949,Roland,Viel,rvielqc@tripod.com,Male,196.26.45.40
950,Omar,Harvett,oharvettqd@microsoft.com,Male,240.76.198.169
951,Perkin,Lovelace,plovelaceqe@hp.com,Male,229.210.17.32
952,Alfonso,Lennard,alennardqf@photobucket.com,Male,213.197.102.86
953,Dulsea,De Benedictis,ddebenedictisqg@issuu.com,Female,229.71.154.99
954,Marlo,Catley,mcatleyqh@sakura.ne.jp,Female,92.41.178.51
955,Devora,Peachment,dpeachmentqi@alibaba.com,Female,234.199.118.78
956,Carlin,Coneybeer,cconeybeerqj@google.co.jp,Male,193.50.58.109
957,Robby,Callf,rcallfqk@oakley.com,Female,182.9.47.4
958,Justen,Abade,jabadeql@java.com,Male,159.108.26.238
959,Feliza,Helsby,fhelsbyqm@alexa.com,Female,123.44.89.195
960,Mandel,Godier,mgodierqn@sbwire.com,Male,34.105.65.150
961,Hubey,Filochov,hfilochovqo@simplemachines.org,Male,225.185.48.142
962,Nikolaos,Corwin,ncorwinqp@multiply.com,Male,205.157.37.73
963,Brant,Saura,bsauraqq@posterous.com,Male,39.132.18.177
964,Don,Darby,ddarbyqr@newyorker.com,Male,62.155.248.238
965,Aldus,McEttigen,amcettigenqs@forbes.com,Male,4.180.64.166
966,Augustina,Grigorian,agrigorianqt@home.pl,Female,123.203.192.140
967,Allina,Rosie,arosiequ@japanpost.jp,Female,74.193.170.62
968,Gray,Ayscough,gayscoughqv@taobao.com,Male,73.147.200.70
969,Robby,Endacott,rendacottqw@skyrock.com,Female,171.41.194.133
970,Ernest,Wanek,ewanekqx@biblegateway.com,Male,109.7.57.164
971,Shela,Bampfield,sbampfieldqy@google.fr,Female,242.192.90.169
972,Adolphus,Coniam,aconiamqz@tmall.com,Male,109.117.189.237
973,Eward,Cuncarr,ecuncarrr0@mac.com,Male,224.163.188.214
974,Benedicto,Newens,bnewensr1@yale.edu,Male,138.57.0.173
975,Abram,Pagitt,apagittr2@webnode.com,Male,109.15.0.104
976,Stavros,Duce,sducer3@amazon.de,Male,153.26.171.90
977,Hillard,Gonet,hgonetr4@woothemes.com,Male,138.61.38.164
978,Rey,Eard,reardr5@paginegialle.it,Female,136.183.230.199
979,Llywellyn,Pala,lpalar6@hubpages.com,Male,65.68.181.119
980,Loella,Aime,laimer7@spotify.com,Female,123.127.62.43
981,Pascal,Piggott,ppiggottr8@phoca.cz,Male,41.109.73.208
982,George,Matveyev,gmatveyevr9@usatoday.com,Male,253.126.40.190
983,Alessandro,Taffarello,ataffarellora@taobao.com,Male,54.20.141.89
984,Teodor,Durrington,tdurringtonrb@domainmarket.com,Male,28.253.136.244
985,Gavrielle,Sawforde,gsawforderc@blinklist.com,Female,202.181.94.189
986,Bernadene,Fleming,bflemingrd@diigo.com,Female,241.125.247.94
987,Adoree,Baine,abainere@histats.com,Female,84.199.112.116
988,Belia,Nehls,bnehlsrf@techcrunch.com,Female,35.36.156.137
989,Creighton,Highwood,chighwoodrg@dion.ne.jp,Male,13.206.81.30
990,Millie,Bohin,mbohinrh@mediafire.com,Female,50.216.218.83
991,Hyacinth,Maidens,hmaidensri@amazon.com,Female,228.129.119.242
992,Humfrid,Decreuze,hdecreuzerj@acquirethisname.com,Male,37.166.120.187
993,Jedidiah,Huck,jhuckrk@bbb.org,Male,94.145.147.58
994,Broderic,Silcox,bsilcoxrl@fema.gov,Male,236.52.0.247
995,Immanuel,Antonucci,iantonuccirm@bizjournals.com,Male,87.214.178.164
996,Theo,Philipet,tphilipetrn@cbslocal.com,Female,7.71.33.253
997,Jacquenette,Chadburn,jchadburnro@pcworld.com,Female,203.48.126.41
998,Stoddard,Mackison,smackisonrp@google.com.au,Female,79.144.24.1
999,Neddie,Colrein,ncolreinrq@feedburner.com,Male,229.108.0.179
1000,Allan,Sidnall,asidnallrr@newyorker.com,Male,161.23.66.74
