id,first_name,last_name,email,gender,ip_address
1,Liva,Narup,lnarup0@epa.gov,Female,236.79.216.228
2,Elke,Enevoldsen,eenevoldsen1@engadget.com,Female,82.144.66.160
3,Benjie,Ringe,bringe2@uol.com.br,Male,156.240.173.12
4,Malinda,Wattins,mwattins3@tmall.com,Female,3.140.207.150
5,Lorene,Sawkins,lsawkins4@google.com.hk,Female,146.42.201.3
6,Goran,Grzesiewicz,ggrzesiewicz5@spiegel.de,Male,25.168.205.113
7,Claudius,Aizikovitz,caizikovitz6@amazon.co.uk,Male,151.68.153.161
8,Seline,McNeillie,smcneillie7@zdnet.com,Female,218.114.135.227
9,Lyndell,Macauley,lmacauley8@joomla.org,Female,53.200.135.72
10,Iorgo,Gierth,igierth9@linkedin.com,Male,143.79.35.139
11,Tina,Saintsbury,tsaintsburya@instagram.com,Female,229.34.248.253
12,Jay,Meake,jmeakeb@networkadvertising.org,Male,50.58.246.220
13,Colly,Moylan,cmoylanc@youku.com,Female,46.69.104.58
14,Pietrek,Cosgrive,pcosgrived@yale.edu,Male,243.223.52.196
15,Ty,O'Meara,tomearae@scientificamerican.com,Male,8.208.177.130
16,Codie,McPheat,cmcpheatf@nyu.edu,Male,251.112.82.75
17,Henrietta,Jurries,hjurriesg@prweb.com,Female,13.101.122.215
18,Augustin,Hartas,ahartash@tamu.edu,Male,78.108.147.189
19,Maurizia,Haistwell,mhaistwelli@discovery.com,Female,42.172.61.160
20,Lexi,Martinyuk,lmartinyukj@delicious.com,Female,178.235.214.6
21,Patten,Birdis,pbirdisk@diigo.com,Male,9.181.18.214
22,Fabiano,Melson,fmelsonl@technorati.com,Male,110.182.166.133
23,Carie,Napper,cnapperm@wisc.edu,Female,1.42.147.164
24,Dev,Corneil,dcorneiln@pcworld.com,Male,207.119.186.92
25,Jereme,Gobel,jgobelo@un.org,Male,83.38.244.163
26,Alane,Squibb,asquibbp@4shared.com,Female,45.11.112.55
27,Gilly,Yellowley,gyellowleyq@shutterfly.com,Female,71.48.69.96
28,Kendal,Moylane,kmoylaner@pinterest.com,Male,192.247.254.125
29,Daphene,Stileman,dstilemans@hhs.gov,Female,70.90.160.105
30,Lorrayne,Swansborough,lswansborought@photobucket.com,Female,129.41.106.230
31,Geoffrey,Iannuzzelli,giannuzzelliu@booking.com,Male,21.202.53.224
32,Tades,Hansell,thansellv@uiuc.edu,Male,18.227.102.39
33,Corine,Dinsale,cdinsalew@walmart.com,Female,240.133.31.137
34,Daniela,Yeabsley,dyeabsleyx@cocolog-nifty.com,Female,171.88.168.62
35,Phylys,Standidge,pstandidgey@tamu.edu,Female,96.233.198.165
36,Shirlene,Kerkham,skerkhamz@umich.edu,Female,45.203.40.21
37,Errick,Gonthier,egonthier10@hao123.com,Male,152.32.254.213
38,Page,Beisley,pbeisley11@cnbc.com,Male,78.22.128.71
39,Mal,Cosley,mcosley12@statcounter.com,Male,144.222.96.112
40,Baillie,Redhouse,bredhouse13@discuz.net,Male,33.101.150.172
41,Shay,Tregensoe,stregensoe14@acquirethisname.com,Female,242.122.255.249
42,Franny,Robbeke,frobbeke15@e-recht24.de,Male,234.137.98.86
43,Sloane,Pobjay,spobjay16@mashable.com,Male,62.155.230.147
44,Kit,Swinerd,kswinerd17@ning.com,Female,115.69.150.176
45,Valentine,Mapledorum,vmapledorum18@joomla.org,Male,155.219.121.175
46,Rozanna,Corradini,rcorradini19@harvard.edu,Female,198.250.51.167
47,Rolando,Percifull,rpercifull1a@princeton.edu,Male,15.107.50.119
48,Rowney,MacDavitt,rmacdavitt1b@disqus.com,Male,48.211.77.108
49,Adaline,Noad,anoad1c@goodreads.com,Female,25.170.88.98
50,Bliss,Fretson,bfretson1d@youku.com,Female,223.194.119.41
51,Burke,Gerault,bgerault1e@livejournal.com,Male,66.212.254.225
52,Barde,Twycross,btwycross1f@cmu.edu,Male,143.113.151.21
53,Roxi,McEachern,rmceachern1g@live.com,Female,33.65.176.37
54,Parker,Arnow,parnow1h@deviantart.com,Male,42.193.106.177
55,Amby,Lantiff,alantiff1i@unc.edu,Male,42.172.110.147
56,Bryce,Catherall,bcatherall1j@reddit.com,Male,35.30.230.151
57,Myrtia,Pamment,mpamment1k@sourceforge.net,Female,9.44.180.61
58,Martha,Smittoune,msmittoune1l@opera.com,Female,155.64.15.57
59,Morna,Cawthorn,mcawthorn1m@theguardian.com,Female,240.95.63.77
60,Rand,Roydon,rroydon1n@berkeley.edu,Male,0.0.196.239
61,Nanni,Bushaway,nbushaway1o@lulu.com,Female,28.78.13.181
62,Marylin,Elderkin,melderkin1p@alexa.com,Female,60.76.218.134
63,Mick,Haworth,mhaworth1q@infoseek.co.jp,Male,231.127.229.10
64,Ericka,Milius,emilius1r@canalblog.com,Female,137.4.148.175
65,Ulric,Grandham,ugrandham1s@phoca.cz,Male,197.175.172.49
66,Corette,Chadburn,cchadburn1t@tripod.com,Female,243.29.158.236
67,Coleman,Ridsdole,cridsdole1u@sakura.ne.jp,Male,135.2.124.90
68,Hermina,Espinay,hespinay1v@whitehouse.gov,Female,106.244.142.31
69,Flemming,Brummitt,fbrummitt1w@csmonitor.com,Male,57.194.58.238
70,Maurie,Maffei,mmaffei1x@facebook.com,Male,216.156.205.58
71,Krisha,Kettlestringe,kkettlestringe1y@gravatar.com,Male,192.52.157.198
72,Truman,Hofton,thofton1z@japanpost.jp,Male,137.42.136.66
73,Meggy,Yeardsley,myeardsley20@patch.com,Female,207.210.254.221
74,Brod,Smale,bsmale21@nhs.uk,Male,178.216.117.222
75,Lanny,Ambrozewicz,lambrozewicz22@ifeng.com,Male,240.119.51.25
76,Cary,Casaletto,ccasaletto23@senate.gov,Female,109.204.54.70
77,Nichols,Dacca,ndacca24@mail.ru,Male,131.223.21.77
78,Holmes,Woolland,hwoolland25@bing.com,Male,205.38.128.189
79,Nara,Hue,nhue26@wired.com,Female,90.164.239.85
80,Kris,MacGilmartin,kmacgilmartin27@usgs.gov,Male,6.3.12.218
81,Eustacia,Spawton,espawton28@goodreads.com,Female,85.95.72.200
82,Far,Gherarducci,fgherarducci29@tamu.edu,Male,159.182.117.96
83,Cirillo,Keble,ckeble2a@cam.ac.uk,Male,128.140.211.177
84,Bendicty,Goodlake,bgoodlake2b@wufoo.com,Male,228.239.48.43
85,Eb,Maskrey,emaskrey2c@cargocollective.com,Male,136.77.106.2
86,Bill,Briton,bbriton2d@acquirethisname.com,Male,216.22.214.199
87,Llewellyn,Shilladay,lshilladay2e@abc.net.au,Male,84.65.6.191
88,Sheila-kathryn,Saunier,ssaunier2f@illinois.edu,Female,69.30.44.227
89,Gunter,Burnie,gburnie2g@g.co,Male,60.81.232.121
90,Lotty,Bilofsky,lbilofsky2h@wsj.com,Female,177.13.39.75
91,Rosabel,Tomkys,rtomkys2i@hibu.com,Female,24.221.166.171
92,Elaine,Messer,emesser2j@usgs.gov,Female,160.214.238.204
93,Kincaid,Lewerenz,klewerenz2k@fastcompany.com,Male,58.44.169.47
94,Gabi,Aldwich,galdwich2l@pen.io,Male,44.178.153.152
95,Matelda,Maleney,mmaleney2m@pinterest.com,Female,43.217.35.205
96,Walton,Comber,wcomber2n@exblog.jp,Male,222.26.211.149
97,Walther,Dutt,wdutt2o@wordpress.com,Male,110.124.245.114
98,Jami,Rapley,jrapley2p@yahoo.com,Female,192.207.99.25
99,Eliza,Gregersen,egregersen2q@sciencedaily.com,Female,135.1.238.223
100,Orlan,Schurig,oschurig2r@wunderground.com,Male,102.48.102.203
101,Nicky,Vossgen,nvossgen2s@creativecommons.org,Female,239.78.10.229
102,Irving,Alfuso,ialfuso2t@google.ca,Male,180.47.177.34
103,Natal,Rihanek,nrihanek2u@dagondesign.com,Male,60.241.222.80
104,Lavinia,Draude,ldraude2v@toplist.cz,Female,166.58.68.217
105,Cati,Erratt,cerratt2w@histats.com,Female,167.22.153.154
106,Leonie,Chedzoy,lchedzoy2x@tumblr.com,Female,235.137.194.79
107,Arther,Heditch,aheditch2y@reddit.com,Male,131.10.48.162
108,Cynthia,Kiffin,ckiffin2z@goodreads.com,Female,144.251.59.248
109,Frederico,Fergusson,ffergusson30@uol.com.br,Male,139.135.203.69
110,Fanny,Conaghan,fconaghan31@surveymonkey.com,Female,13.201.14.224
111,Celia,Redholls,credholls32@tamu.edu,Female,125.151.197.42
112,Burr,Sher,bsher33@cnn.com,Male,243.234.100.94
113,Kimble,Woofendell,kwoofendell34@mail.ru,Male,221.199.137.50
114,Rodger,Forster,rforster35@prlog.org,Male,92.119.69.50
115,Marianna,McKerley,mmckerley36@xrea.com,Female,84.2.43.66
116,Bari,Motto,bmotto37@salon.com,Female,151.114.145.122
117,Aileen,Reavey,areavey38@etsy.com,Female,97.131.139.1
118,Omar,Baniard,obaniard39@google.co.uk,Male,205.221.159.34
119,Dora,Hampton,dhampton3a@geocities.com,Female,152.74.119.2
120,Brigit,Blackmoor,bblackmoor3b@china.com.cn,Female,120.64.173.92
121,Royal,Cardnell,rcardnell3c@va.gov,Male,97.100.231.188
122,Sherwood,Forri,sforri3d@sitemeter.com,Male,241.94.185.80
123,Robbin,Cruz,rcruz3e@amazon.co.jp,Female,179.244.227.13
124,Terrence,Frowd,tfrowd3f@mysql.com,Male,214.39.27.35
125,Elvyn,Debold,edebold3g@businessinsider.com,Male,239.48.40.231
126,Osbourn,Durand,odurand3h@japanpost.jp,Male,88.100.205.238
127,William,Le Grys,wlegrys3i@ucoz.ru,Male,3.61.225.241
128,Krystyna,Karolczyk,kkarolczyk3j@narod.ru,Female,210.5.110.194
129,Saba,Dukes,sdukes3k@spiegel.de,Female,179.184.180.60
130,Stephanus,Yashunin,syashunin3l@ezinearticles.com,Male,99.58.43.131
131,Clement,Rowan,crowan3m@wired.com,Male,81.28.215.233
132,Kanya,Chamney,kchamney3n@wsj.com,Female,212.1.225.137
133,Doralynne,Shorto,dshorto3o@merriam-webster.com,Female,168.217.155.14
134,Sergent,Carlon,scarlon3p@yahoo.co.jp,Male,41.78.251.158
135,Pepito,Slowly,pslowly3q@webnode.com,Male,3.231.89.9
136,Emery,Panchin,epanchin3r@addthis.com,Male,63.102.105.62
137,Lane,Nice,lnice3s@quantcast.com,Female,58.54.133.56
138,Kaitlynn,Skitterel,kskitterel3t@cnbc.com,Female,243.154.49.234
139,Josee,Mucklestone,jmucklestone3u@wired.com,Female,162.162.86.243
140,Christiana,Roskeilly,croskeilly3v@bbc.co.uk,Female,212.62.120.240
141,George,Shadrack,gshadrack3w@google.it,Male,218.213.101.111
142,Ermentrude,Elstone,eelstone3x@goodreads.com,Female,115.185.240.160
143,Julius,Van der Veldt,jvanderveldt3y@shinystat.com,Male,23.249.196.15
144,Kayley,Landeg,klandeg3z@dailymail.co.uk,Female,124.123.5.179
145,Martita,Filov,mfilov40@patch.com,Female,192.250.187.235
146,Kerr,Proctor,kproctor41@hatena.ne.jp,Male,125.48.241.166
147,Salomon,Chester,schester42@zdnet.com,Male,154.64.73.16
148,Meredith,Goodlatt,mgoodlatt43@gravatar.com,Female,228.240.112.173
149,Donnie,Showell,dshowell44@ustream.tv,Male,166.169.91.157
150,Hartwell,Cardus,hcardus45@telegraph.co.uk,Male,76.96.255.8
151,Mirilla,Woof,mwoof46@facebook.com,Female,106.45.86.106
152,Shaw,Hoonahan,shoonahan47@indiegogo.com,Male,46.32.167.128
153,Thornie,Tabb,ttabb48@free.fr,Male,167.81.108.194
154,Thain,Brabant,tbrabant49@symantec.com,Male,61.207.138.102
155,Koo,Harral,kharral4a@squarespace.com,Female,22.111.183.196
156,Marilee,Zanini,mzanini4b@nifty.com,Female,96.176.18.10
157,Hiram,Frye,hfrye4c@arstechnica.com,Male,221.180.231.122
158,Lanita,Passo,lpasso4d@howstuffworks.com,Female,100.42.77.238
159,Meredith,Boynes,mboynes4e@senate.gov,Female,126.150.213.131
160,Pier,Probetts,pprobetts4f@yahoo.com,Female,130.143.91.85
161,Langsdon,Pirrey,lpirrey4g@slashdot.org,Male,225.144.18.174
162,Herold,Derrington,hderrington4h@barnesandnoble.com,Male,110.108.93.80
163,Sammy,Ivatt,sivatt4i@spotify.com,Female,70.216.75.205
164,Casper,Jamblin,cjamblin4j@dailymail.co.uk,Male,125.213.198.47
165,Earl,Vasic,evasic4k@trellian.com,Male,7.1.97.250
166,Vail,Boothby,vboothby4l@cargocollective.com,Male,2.160.122.89
167,Catha,Duligal,cduligal4m@parallels.com,Female,19.248.183.206
168,Nanice,Renault,nrenault4n@reference.com,Female,152.79.4.201
169,Jamie,MacLardie,jmaclardie4o@go.com,Female,182.220.100.155
170,Charlton,Striker,cstriker4p@icq.com,Male,39.46.184.56
171,Verney,Pennone,vpennone4q@free.fr,Male,52.220.134.2
172,Fransisco,Portlock,fportlock4r@blinklist.com,Male,57.55.217.241
173,Loella,Svanini,lsvanini4s@google.com.hk,Female,85.238.96.175
174,Chickie,Hargie,chargie4t@oakley.com,Male,84.125.12.252
175,Finley,Chant,fchant4u@creativecommons.org,Male,64.174.233.88
176,Rogers,Ballinger,rballinger4v@hugedomains.com,Male,41.61.130.136
177,Jenine,Kun,jkun4w@cbsnews.com,Female,174.230.196.161
178,Lissy,Picard,lpicard4x@dion.ne.jp,Female,203.173.68.76
179,Prescott,Semor,psemor4y@sciencedirect.com,Male,33.163.235.18
180,Yasmin,Neylan,yneylan4z@ft.com,Female,67.50.21.232
181,Malinda,Shoppee,mshoppee50@microsoft.com,Female,43.172.205.237
182,Danie,Haverson,dhaverson51@ocn.ne.jp,Male,202.202.252.240
183,Niki,Danniel,ndanniel52@nature.com,Female,237.124.2.181
184,Debera,Sargint,dsargint53@cafepress.com,Female,103.251.245.104
185,Sandro,Wooffitt,swooffitt54@homestead.com,Male,125.226.50.181
186,Arden,Bowyer,abowyer55@csmonitor.com,Female,60.113.32.172
187,Hermie,Dodshun,hdodshun56@mapy.cz,Male,34.251.1.177
188,Gilbert,Ruckhard,gruckhard57@bloglines.com,Male,28.220.143.90
189,Isidore,Elsy,ielsy58@domainmarket.com,Male,8.183.162.95
190,Georgine,Rounsefell,grounsefell59@i2i.jp,Female,152.158.251.109
191,William,Hadaway,whadaway5a@taobao.com,Male,104.21.134.136
192,Salmon,St Pierre,sstpierre5b@state.tx.us,Male,239.234.216.64
193,Aleksandr,Vassman,avassman5c@bbb.org,Male,68.80.220.132
194,Grove,Fearby,gfearby5d@wired.com,Male,148.2.107.210
195,Dionysus,Stopford,dstopford5e@symantec.com,Male,85.149.106.137
196,Urban,Greenhouse,ugreenhouse5f@360.cn,Male,69.99.135.146
197,Abdel,Hairsnape,ahairsnape5g@apple.com,Male,191.182.240.58
198,Madlen,Rimington,mrimington5h@last.fm,Female,127.128.36.86
199,Aldous,Jenson,ajenson5i@berkeley.edu,Male,237.251.144.250
200,Kevina,Welburn,kwelburn5j@hibu.com,Female,5.141.41.168
201,Hubie,Brownill,hbrownill5k@themeforest.net,Male,163.199.122.244
202,Jaclin,Randlesome,jrandlesome5l@phpbb.com,Female,49.232.163.5
203,Raina,Vanyakin,rvanyakin5m@toplist.cz,Female,57.172.44.19
204,Nadiya,Dudleston,ndudleston5n@shareasale.com,Female,203.57.10.151
205,Lilli,Napoleone,lnapoleone5o@answers.com,Female,39.73.228.23
206,Adair,Ruddlesden,aruddlesden5p@sphinn.com,Male,195.28.246.212
207,Carey,Ebourne,cebourne5q@fastcompany.com,Male,41.23.13.150
208,Lynn,Gabotti,lgabotti5r@cisco.com,Female,193.168.83.108
209,Gina,Woodhouse,gwoodhouse5s@digg.com,Female,155.169.174.3
210,Florencia,Eton,feton5t@ustream.tv,Female,101.14.74.131
211,Latashia,Crippill,lcrippill5u@guardian.co.uk,Female,176.79.9.126
212,Jacquette,Karchewski,jkarchewski5v@amazon.co.uk,Female,1.15.199.126
213,Burke,Edgeson,bedgeson5w@theatlantic.com,Male,129.32.182.155
214,Filip,Dachey,fdachey5x@usda.gov,Male,132.109.105.171
215,Robin,Dittson,rdittson5y@yale.edu,Female,181.189.118.105
216,Humfrid,Batrip,hbatrip5z@a8.net,Male,165.49.72.51
217,Alicia,McGinney,amcginney60@github.com,Female,234.14.36.79
218,Cassandre,Juste,cjuste61@umich.edu,Female,202.16.111.197
219,Yvor,Perillio,yperillio62@japanpost.jp,Male,214.249.41.165
220,Noemi,McVeigh,nmcveigh63@blogspot.com,Female,12.11.163.56
221,Wylma,Faunch,wfaunch64@nydailynews.com,Female,52.228.11.198
222,Susan,Kersey,skersey65@house.gov,Female,9.165.175.112
223,Rickard,Dorre,rdorre66@wix.com,Male,146.97.233.201
224,Persis,Dutton,pdutton67@biglobe.ne.jp,Female,6.197.26.248
225,Marthe,Flintiff,mflintiff68@gmpg.org,Female,55.31.37.138
226,Daron,Overall,doverall69@flavors.me,Male,96.196.58.26
227,Jaclin,Woods,jwoods6a@java.com,Female,22.57.72.189
228,Jessee,Bustin,jbustin6b@mapy.cz,Male,130.183.219.125
229,Fransisco,Fountaine,ffountaine6c@dyndns.org,Male,117.202.178.69
230,Shelley,Housby,shousby6d@reverbnation.com,Female,28.21.136.195
231,Thane,Hulkes,thulkes6e@nytimes.com,Male,93.221.153.75
232,Fara,Wheelan,fwheelan6f@scientificamerican.com,Female,19.85.132.177
233,Hoebart,Eckels,heckels6g@google.co.uk,Male,30.102.167.107
234,Niel,Cudworth,ncudworth6h@cnet.com,Male,185.11.221.223
235,Phoebe,Pottiphar,ppottiphar6i@yelp.com,Female,144.37.57.17
236,Hamil,Halfpenny,hhalfpenny6j@sciencedirect.com,Male,50.115.48.96
237,Corbet,Noir,cnoir6k@free.fr,Male,200.190.225.97
238,Halette,Cain,hcain6l@hibu.com,Female,153.14.230.189
239,Angil,Wedlock,awedlock6m@storify.com,Female,189.223.227.100
240,Mycah,Nobes,mnobes6n@odnoklassniki.ru,Male,154.73.67.68
241,Ardelis,Tissiman,atissiman6o@prlog.org,Female,39.71.148.208
242,Omar,Lurriman,olurriman6p@google.com.au,Male,194.137.240.135
243,Carlos,Lerer,clerer6q@ifeng.com,Male,161.224.228.57
244,Kristofor,Laimable,klaimable6r@wikimedia.org,Male,220.237.213.201
245,Inness,Crielly,icrielly6s@xing.com,Male,36.168.194.85
246,Rex,Gonzales,rgonzales6t@slate.com,Male,51.78.228.153
247,Elaina,Krop,ekrop6u@t-online.de,Female,142.113.147.197
248,Hebert,Bufton,hbufton6v@devhub.com,Male,87.79.250.165
249,Euell,Fuidge,efuidge6w@xinhuanet.com,Male,155.109.27.39
250,Elfreda,Sylvester,esylvester6x@list-manage.com,Female,233.111.190.49
251,Gale,Piegrome,gpiegrome6y@dailymail.co.uk,Female,133.194.24.103
252,Lyndell,Byard,lbyard6z@answers.com,Female,183.144.110.166
253,Oby,Leythley,oleythley70@reverbnation.com,Male,49.36.112.134
254,Agnesse,Roome,aroome71@va.gov,Female,68.113.245.121
255,Raddy,Lightewood,rlightewood72@bloglines.com,Male,107.207.222.188
256,Alasdair,Argrave,aargrave73@howstuffworks.com,Male,29.152.34.218
257,Arlette,Bradick,abradick74@mail.ru,Female,30.217.85.126
258,Lory,Gert,lgert75@fema.gov,Female,183.171.180.17
259,Stan,Cockling,scockling76@gnu.org,Male,18.123.152.58
260,Cosmo,Doige,cdoige77@businessinsider.com,Male,31.200.156.199
261,Odelle,Hackforth,ohackforth78@dropbox.com,Female,55.50.119.210
262,Hugibert,Storck,hstorck79@myspace.com,Male,45.228.12.233
263,Heloise,Rowlinson,hrowlinson7a@purevolume.com,Female,231.167.90.228
264,Lynn,Morrish,lmorrish7b@google.es,Male,224.45.242.203
265,Kingsly,Penreth,kpenreth7c@comsenz.com,Male,33.230.66.95
266,Vito,Martinolli,vmartinolli7d@reverbnation.com,Male,253.198.79.78
267,Izaak,Dekeyser,idekeyser7e@nytimes.com,Male,151.43.12.9
268,Constance,O'Bradden,cobradden7f@amazonaws.com,Female,52.171.6.3
269,Mable,Kantor,mkantor7g@tiny.cc,Female,88.241.165.244
270,Christoper,Bamling,cbamling7h@kickstarter.com,Male,166.226.251.105
271,Randee,Joskovitch,rjoskovitch7i@naver.com,Female,84.207.165.131
272,Bronnie,Crozier,bcrozier7j@squarespace.com,Male,211.162.199.238
273,Barnard,Bowdery,bbowdery7k@jigsy.com,Male,186.182.192.155
274,Elga,Searle,esearle7l@bizjournals.com,Female,155.53.88.51
275,Ebeneser,Lorden,elorden7m@drupal.org,Male,165.150.75.228
276,Yves,Mulrooney,ymulrooney7n@tripadvisor.com,Male,99.252.133.19
277,Ranice,Drakeley,rdrakeley7o@goo.gl,Female,103.26.70.220
278,Oneida,Chippindale,ochippindale7p@imageshack.us,Female,99.196.180.199
279,Rosmunda,Nisco,rnisco7q@google.com,Female,119.125.53.4
280,Gino,Andryunin,gandryunin7r@soup.io,Male,169.94.54.201
281,Aimil,Eul,aeul7s@t-online.de,Female,96.62.122.65
282,Brannon,Bortolotti,bbortolotti7t@cbsnews.com,Male,31.176.147.118
283,Claudius,Mauchlen,cmauchlen7u@kickstarter.com,Male,230.151.225.22
284,Hope,Lean,hlean7v@t-online.de,Female,10.225.136.132
285,Rodina,Hablet,rhablet7w@addthis.com,Female,144.195.100.106
286,Salomon,Askam,saskam7x@msu.edu,Male,72.248.164.116
287,Welby,Knevit,wknevit7y@infoseek.co.jp,Male,65.195.184.228
288,Andromache,Scarborough,ascarborough7z@apache.org,Female,109.189.53.101
289,Jervis,Karpenko,jkarpenko80@senate.gov,Male,155.106.104.197
290,Blake,Burgill,bburgill81@princeton.edu,Male,87.236.221.228
291,Emilee,Pettisall,epettisall82@utexas.edu,Female,100.195.47.15
292,Debi,Anlay,danlay83@storify.com,Female,178.142.164.104
293,Ernestine,Lawrinson,elawrinson84@woothemes.com,Female,10.85.134.79
294,Shayne,Kitching,skitching85@myspace.com,Male,33.40.227.222
295,Roxanne,Prestidge,rprestidge86@miitbeian.gov.cn,Female,196.181.11.151
296,Tracie,Fotitt,tfotitt87@soundcloud.com,Male,123.23.119.68
297,Udale,Broad,ubroad88@yandex.ru,Male,110.122.109.214
298,Carrie,Ivanikhin,civanikhin89@unicef.org,Female,46.114.78.103
299,Fanechka,Shoebridge,fshoebridge8a@marriott.com,Female,221.73.112.226
300,Ulrick,Llopis,ullopis8b@last.fm,Male,29.250.215.200
301,Vick,Tisor,vtisor8c@tripadvisor.com,Male,79.150.128.11
302,Hayley,Marcinkus,hmarcinkus8d@geocities.com,Female,215.168.27.169
303,Aurore,Stansbie,astansbie8e@wikispaces.com,Female,100.250.195.90
304,Albert,Heynel,aheynel8f@squarespace.com,Male,162.52.119.70
305,Dale,Thoresbie,dthoresbie8g@163.com,Female,217.126.137.4
306,Tomi,Acres,tacres8h@fda.gov,Female,223.50.142.24
307,Rosemary,Chapple,rchapple8i@state.gov,Female,136.119.30.171
308,Constancia,Drust,cdrust8j@netlog.com,Female,173.231.186.210
309,Kiley,Garrish,kgarrish8k@hexun.com,Female,248.104.230.211
310,Sheryl,Fraulo,sfraulo8l@google.de,Female,193.95.100.140
311,Vasily,Leale,vleale8m@opensource.org,Male,168.8.215.147
312,Vance,Moralas,vmoralas8n@weather.com,Male,49.29.52.60
313,Jane,Martyntsev,jmartyntsev8o@buzzfeed.com,Female,44.88.2.97
314,Norene,Kebell,nkebell8p@adobe.com,Female,212.192.244.205
315,Lionello,Kamen,lkamen8q@wikipedia.org,Male,174.253.61.6
316,Sawyere,Tremberth,stremberth8r@upenn.edu,Male,193.181.131.248
317,Almeta,Dredge,adredge8s@mayoclinic.com,Female,139.154.217.114
318,Ara,Iacapucci,aiacapucci8t@ustream.tv,Male,119.140.166.234
319,Dorris,Bernardt,dbernardt8u@networksolutions.com,Female,13.2.143.133
320,Rogers,Krystof,rkrystof8v@mashable.com,Male,69.142.255.132
321,Genia,Hinchon,ghinchon8w@webeden.co.uk,Female,231.137.37.205
322,Inglis,Ferryman,iferryman8x@reddit.com,Male,156.16.122.113
323,Estele,Crosdill,ecrosdill8y@trellian.com,Female,207.253.239.176
324,Matilde,Flisher,mflisher8z@un.org,Female,174.99.59.205
325,Alistair,Pilfold,apilfold90@constantcontact.com,Male,35.164.166.214
326,Benn,Trippett,btrippett91@amazonaws.com,Male,126.130.217.173
327,Rakel,Clancy,rclancy92@soundcloud.com,Female,133.210.11.18
328,Lindi,Bartot,lbartot93@wix.com,Female,85.94.161.74
329,Audi,Ney,aney94@slideshare.net,Female,199.171.161.196
330,Gaspard,Matyukon,gmatyukon95@howstuffworks.com,Male,15.178.206.48
331,Waiter,Mallabar,wmallabar96@nationalgeographic.com,Male,169.45.32.13
332,Ardelia,Cunnington,acunnington97@psu.edu,Female,247.140.96.185
333,Doralia,Tutchener,dtutchener98@cornell.edu,Female,113.224.176.100
334,Philomena,Creus,pcreus99@bbb.org,Female,16.46.9.149
335,Eleen,Cheltnam,echeltnam9a@time.com,Female,24.4.169.248
336,Garner,Luthwood,gluthwood9b@google.com.au,Male,132.171.125.1
337,Eal,Heilds,eheilds9c@pagesperso-orange.fr,Male,50.242.223.142
338,Hildy,Screase,hscrease9d@behance.net,Female,75.65.250.92
339,Merill,Hinstridge,mhinstridge9e@guardian.co.uk,Male,184.152.89.186
340,Tabby,Eddis,teddis9f@twitter.com,Female,213.36.7.78
341,Fonz,Cowlas,fcowlas9g@kickstarter.com,Male,51.89.92.162
342,Sauncho,Pignon,spignon9h@irs.gov,Male,29.152.24.40
343,Paxton,Tarpey,ptarpey9i@sina.com.cn,Male,205.141.114.136
344,Boonie,Abrahm,babrahm9j@timesonline.co.uk,Male,48.86.234.255
345,Elisa,McQuorkell,emcquorkell9k@chronoengine.com,Female,164.230.153.179
346,Francesca,Fourmy,ffourmy9l@g.co,Female,243.253.25.15
347,Land,Matiebe,lmatiebe9m@bbb.org,Male,70.113.238.187
348,Trudey,Bellee,tbellee9n@accuweather.com,Female,81.194.29.75
349,Bob,Castillou,bcastillou9o@typepad.com,Male,14.151.32.94
350,Marc,Grise,mgrise9p@nymag.com,Male,205.7.220.98
351,Ransell,Bwye,rbwye9q@answers.com,Male,230.179.217.139
352,Kriste,McKennan,kmckennan9r@reuters.com,Female,54.238.55.209
353,Nonie,Willoughway,nwilloughway9s@bloglovin.com,Female,74.183.48.86
354,Pernell,Gyles,pgyles9t@pen.io,Male,176.119.226.200
355,Amy,Jerrand,ajerrand9u@sciencedaily.com,Female,37.175.213.11
356,Shoshana,Antos,santos9v@who.int,Female,108.249.37.12
357,Rene,Stubbert,rstubbert9w@sohu.com,Female,83.90.89.165
358,Evvy,Harler,eharler9x@over-blog.com,Female,37.196.102.108
359,Gert,Rheubottom,grheubottom9y@stanford.edu,Female,45.202.205.165
360,Nathanil,MacGiolla,nmacgiolla9z@skyrock.com,Male,78.173.6.202
361,Urbanus,Showalter,ushowaltera0@weebly.com,Male,75.106.186.47
362,Christi,Durn,cdurna1@accuweather.com,Female,57.184.37.108
363,Zacharias,Shoebridge,zshoebridgea2@webmd.com,Male,170.205.144.28
364,Wallache,Reith,wreitha3@ask.com,Male,183.40.239.3
365,Frannie,Rieflin,frieflina4@yahoo.com,Female,212.161.185.97
366,Malva,Feely,mfeelya5@google.fr,Female,136.99.75.247
367,Richardo,Benninger,rbenningera6@eepurl.com,Male,144.217.105.38
368,Merwin,Denerley,mdenerleya7@yellowpages.com,Male,222.203.13.214
369,Tracee,de la Tremoille,tdelatremoillea8@illinois.edu,Female,152.216.8.103
370,Viviyan,Wingar,vwingara9@github.io,Female,116.8.6.194
371,Dorita,Fedder,dfedderaa@nyu.edu,Female,157.207.61.89
372,Baldwin,Smillie,bsmillieab@shop-pro.jp,Male,96.4.106.192
373,Skylar,Rassell,srassellac@purevolume.com,Male,187.240.125.119
374,Shell,Mullineux,smullineuxad@usnews.com,Male,159.51.1.241
375,Hadleigh,Spurdle,hspurdleae@go.com,Male,215.230.87.99
376,Natalie,Everett,neverettaf@1688.com,Female,41.0.85.108
377,Gorden,Cribbin,gcribbinag@usatoday.com,Male,179.236.252.105
378,Ewen,McKenzie,emckenzieah@google.com,Male,248.209.185.114
379,Charlean,Sprulls,csprullsai@mac.com,Female,120.196.14.40
380,Jesse,Kellie,jkellieaj@shop-pro.jp,Male,159.138.23.60
381,Liuka,Mantram,lmantramak@stanford.edu,Female,88.252.54.252
382,Melania,Otson,motsonal@reddit.com,Female,48.233.142.192
383,Tommi,Goozee,tgoozeeam@g.co,Female,97.17.18.93
384,Wilbert,Shirlaw,wshirlawan@tumblr.com,Male,62.77.48.172
385,Fairfax,Devonport,fdevonportao@npr.org,Male,224.0.99.10
386,Agata,Napolione,anapolioneap@technorati.com,Female,32.116.36.208
387,Sibel,Edmett,sedmettaq@cargocollective.com,Female,48.109.167.111
388,Chickie,Zimek,czimekar@jugem.jp,Male,150.14.249.216
389,Randell,Seddon,rseddonas@ox.ac.uk,Male,181.87.202.75
390,Amanda,Clift,acliftat@baidu.com,Female,154.181.184.205
391,Pammi,Symington,psymingtonau@com.com,Female,175.187.181.44
392,Moria,Gerg,mgergav@indiatimes.com,Female,28.26.180.235
393,Rupert,Bortoletti,rbortolettiaw@sourceforge.net,Male,219.87.58.205
394,Devy,Snoxall,dsnoxallax@washington.edu,Male,93.3.65.14
395,Eleen,Knifton,ekniftonay@chron.com,Female,37.50.86.101
396,Emmaline,Langtree,elangtreeaz@wix.com,Female,142.198.216.247
397,Cy,Pendre,cpendreb0@csmonitor.com,Male,191.95.155.49
398,Hussein,Lesor,hlesorb1@narod.ru,Male,105.19.166.149
399,Sarita,Menat,smenatb2@parallels.com,Female,198.179.88.220
400,Maia,Hofler,mhoflerb3@independent.co.uk,Female,110.177.2.185
401,Sonnie,Chese,scheseb4@dailymail.co.uk,Male,123.136.104.229
402,Curt,Hellicar,chellicarb5@oaic.gov.au,Male,67.220.147.185
403,Gavan,Varnham,gvarnhamb6@umich.edu,Male,198.4.85.36
404,Harvey,Paget,hpagetb7@digg.com,Male,91.61.195.192
405,Noam,Pietranek,npietranekb8@tripod.com,Male,231.250.45.117
406,Welch,Cheevers,wcheeversb9@salon.com,Male,12.81.213.8
407,Dix,Portlock,dportlockba@reference.com,Female,140.223.165.216
408,Cheslie,Stapels,cstapelsbb@4shared.com,Female,49.68.10.8
409,Carina,Badsworth,cbadsworthbc@sitemeter.com,Female,116.160.60.63
410,Angeli,Wallas,awallasbd@so-net.ne.jp,Male,18.35.84.35
411,Kimmie,Brundale,kbrundalebe@washington.edu,Female,245.245.208.95
412,Tirrell,Deport,tdeportbf@webeden.co.uk,Male,36.251.126.237
413,Jeannette,Skippon,jskipponbg@google.it,Female,210.3.157.75
414,Oralie,Tomaszewski,otomaszewskibh@unicef.org,Female,239.10.96.127
415,Durand,Roskelley,droskelleybi@free.fr,Male,133.139.72.230
416,Roma,Jaouen,rjaouenbj@goodreads.com,Male,67.144.134.18
417,Sabra,Evelyn,sevelynbk@typepad.com,Female,175.147.248.129
418,Ester,Latimer,elatimerbl@sun.com,Female,214.136.251.166
419,Reggis,Northall,rnorthallbm@wsj.com,Male,111.215.127.193
420,Thatcher,Baffin,tbaffinbn@newyorker.com,Male,251.206.205.54
421,Virgilio,Beggs,vbeggsbo@plala.or.jp,Male,45.251.93.230
422,Anson,Cuddehy,acuddehybp@amazon.co.jp,Male,105.136.202.168
423,Jacinda,Rosewall,jrosewallbq@cafepress.com,Female,240.45.213.21
424,Pierrette,Kyncl,pkynclbr@theguardian.com,Female,36.148.236.253
425,Egan,Davys,edavysbs@ted.com,Male,39.149.150.39
426,Juditha,Wetton,jwettonbt@unc.edu,Female,175.213.19.7
427,Laura,Duffie,lduffiebu@alibaba.com,Female,227.150.34.172
428,Vilma,Ashpital,vashpitalbv@blogspot.com,Female,228.37.197.230
429,Dani,Bushill,dbushillbw@canalblog.com,Male,190.101.128.103
430,Bernarr,Bidder,bbidderbx@github.com,Male,161.155.145.234
431,Darwin,Igonet,digonetby@jiathis.com,Male,75.205.70.196
432,Catrina,Drinkall,cdrinkallbz@slashdot.org,Female,28.205.48.50
433,Antonio,Sollam,asollamc0@free.fr,Male,164.145.49.64
434,Sheridan,Curry,scurryc1@sogou.com,Male,129.93.83.184
435,Kipp,Ensten,kenstenc2@ameblo.jp,Male,37.2.166.139
436,Rosetta,Woloschinski,rwoloschinskic3@apple.com,Female,73.108.214.126
437,Rossie,Websdale,rwebsdalec4@seattletimes.com,Male,186.248.113.25
438,Clemence,Phorsby,cphorsbyc5@go.com,Female,183.48.9.54
439,Gordan,Tapner,gtapnerc6@globo.com,Male,82.8.133.15
440,Deane,Blakeborough,dblakeboroughc7@xrea.com,Female,145.46.212.24
441,Tresa,Jillis,tjillisc8@tinypic.com,Female,125.43.166.176
442,Arnold,Fuentes,afuentesc9@usnews.com,Male,64.14.90.78
443,Melony,Fossey,mfosseyca@booking.com,Female,221.33.142.227
444,Ringo,Robillart,rrobillartcb@github.com,Male,231.237.172.168
445,Darin,Hulkes,dhulkescc@edublogs.org,Male,180.63.59.209
446,Zak,Waslin,zwaslincd@hp.com,Male,240.111.254.209
447,Hester,Matisoff,hmatisoffce@si.edu,Female,127.180.40.161
448,Darby,Lemasney,dlemasneycf@soup.io,Female,57.236.160.15
449,Inna,O'Murtagh,iomurtaghcg@guardian.co.uk,Female,91.83.154.207
450,Hewitt,Ducarne,hducarnech@gov.uk,Male,77.135.150.12
451,Marci,Andreu,mandreuci@artisteer.com,Female,156.184.252.106
452,Anna-maria,Creany,acreanycj@reddit.com,Female,105.24.65.96
453,Arda,Dollen,adollenck@infoseek.co.jp,Female,230.87.214.147
454,Dagmar,Spragg,dspraggcl@privacy.gov.au,Female,239.172.57.89
455,Sascha,Palister,spalistercm@123-reg.co.uk,Female,63.119.251.79
456,Batholomew,Lande,blandecn@gizmodo.com,Male,98.35.231.12
457,Devlin,Sprulls,dsprullsco@addtoany.com,Male,26.46.143.111
458,Salomon,Huikerby,shuikerbycp@symantec.com,Male,75.5.8.98
459,Marlie,McGlade,mmcgladecq@stumbleupon.com,Female,103.42.72.202
460,Alli,Parzizek,aparzizekcr@marketwatch.com,Female,142.62.70.158
461,Sinclare,Gravenell,sgravenellcs@blogtalkradio.com,Male,93.64.134.32
462,Prinz,Bimrose,pbimrosect@1688.com,Male,178.77.147.69
463,Nicolle,Aldcorn,naldcorncu@answers.com,Female,78.194.242.18
464,Arline,Manjin,amanjincv@ucoz.ru,Female,146.66.45.141
465,Zeke,Kohrt,zkohrtcw@liveinternet.ru,Male,91.212.101.79
466,Hakim,Ponder,hpondercx@upenn.edu,Male,179.208.177.42
467,Sancho,Erlam,serlamcy@over-blog.com,Male,0.86.140.51
468,Jarad,Bloys,jbloyscz@feedburner.com,Male,151.88.118.58
469,Lucia,Lewing,llewingd0@multiply.com,Female,158.213.241.82
470,Winthrop,Whelband,wwhelbandd1@webmd.com,Male,9.154.34.148
471,Galen,Biggerdike,gbiggerdiked2@ocn.ne.jp,Male,125.114.136.64
472,Arin,Kenton,akentond3@cloudflare.com,Male,199.203.166.225
473,Cosimo,Heller,chellerd4@lycos.com,Male,35.186.106.244
474,Blancha,Cluney,bcluneyd5@sakura.ne.jp,Female,88.201.199.23
475,Wallas,Cristofolo,wcristofolod6@amazon.de,Male,16.151.216.23
476,Paxon,Goward,pgowardd7@arizona.edu,Male,63.16.207.166
477,Akim,Barz,abarzd8@accuweather.com,Male,2.226.5.249
478,Ianthe,Santora,isantorad9@google.nl,Female,250.229.60.133
479,Dierdre,MacTrusty,dmactrustyda@canalblog.com,Female,73.153.76.15
480,Margie,Spir,mspirdb@msn.com,Female,76.75.87.127
481,Bruis,Bithany,bbithanydc@wikipedia.org,Male,49.183.213.73
482,Magnum,Yurkevich,myurkevichdd@over-blog.com,Male,206.119.239.109
483,Tuckie,Stuffins,tstuffinsde@ocn.ne.jp,Male,50.65.63.35
484,Shaughn,Ashurst,sashurstdf@china.com.cn,Male,41.254.173.183
485,Kalinda,Suddick,ksuddickdg@adobe.com,Female,136.156.54.174
486,Sig,Jessen,sjessendh@gnu.org,Male,228.234.135.202
487,Gabbi,Korous,gkorousdi@narod.ru,Female,157.171.70.189
488,Flore,Balhatchet,fbalhatchetdj@php.net,Female,12.102.119.246
489,Thaine,Alker,talkerdk@nymag.com,Male,131.231.227.13
490,Maddie,McDermid,mmcdermiddl@merriam-webster.com,Female,31.249.212.120
491,Peterus,Smye,psmyedm@list-manage.com,Male,150.139.154.15
492,Scot,Seale,ssealedn@topsy.com,Male,140.216.55.122
493,Mellisent,Sodory,msodorydo@sciencedaily.com,Female,114.245.222.128
494,Berkeley,Hedger,bhedgerdp@dyndns.org,Male,10.79.51.47
495,Paule,Blemen,pblemendq@barnesandnoble.com,Female,5.236.218.192
496,Vita,Wickes,vwickesdr@wordpress.org,Female,25.80.173.15
497,Creighton,Heam,cheamds@guardian.co.uk,Male,96.136.50.176
498,Brier,Teasey,bteaseydt@artisteer.com,Female,192.40.182.119
499,Mercedes,Medforth,mmedforthdu@sitemeter.com,Female,150.243.182.243
500,Ruperto,Burchmore,rburchmoredv@rediff.com,Male,28.70.167.128
501,Budd,Storrock,bstorrockdw@alexa.com,Male,230.244.219.234
502,Vivie,Dettmar,vdettmardx@soundcloud.com,Female,169.125.92.63
503,Simon,Gapper,sgapperdy@about.com,Male,158.180.49.237
504,Marian,Dooman,mdoomandz@example.com,Female,31.54.143.241
505,Susanetta,Ellesworthe,sellesworthee0@squarespace.com,Female,81.53.174.90
506,Kira,Summerrell,ksummerrelle1@clickbank.net,Female,193.166.154.6
507,Tine,Helder,theldere2@indiegogo.com,Female,209.137.178.252
508,Bertrand,Ortelt,bortelte3@clickbank.net,Male,153.123.44.199
509,Reggis,Tegeller,rtegellere4@merriam-webster.com,Male,106.193.7.143
510,Sanford,Utteridge,sutteridgee5@printfriendly.com,Male,247.44.193.104
511,Kris,Marvell,kmarvelle6@tripadvisor.com,Female,123.60.71.165
512,Towny,Jaggar,tjaggare7@reference.com,Male,131.92.80.8
513,Saraann,Hallows,shallowse8@disqus.com,Female,211.148.116.188
514,Gualterio,Farnish,gfarnishe9@vistaprint.com,Male,131.216.120.243
515,Oswell,Fuzzens,ofuzzensea@networkadvertising.org,Male,2.171.1.32
516,Dalis,Jannaway,djannawayeb@samsung.com,Male,90.166.231.22
517,Gene,Stegers,gstegersec@gnu.org,Female,125.163.54.60
518,Taber,Potapczuk,tpotapczuked@ycombinator.com,Male,55.119.220.244
519,Wandis,Westrope,wwestropeee@surveymonkey.com,Female,114.58.157.185
520,Vito,Gwinnett,vgwinnettef@arstechnica.com,Male,213.99.87.110
521,Dulcy,Boas,dboaseg@yolasite.com,Female,139.7.132.95
522,Dana,Braddock,dbraddockeh@hhs.gov,Male,168.148.229.105
523,Vanna,Jankin,vjankinei@domainmarket.com,Female,149.241.204.204
524,Karylin,Benda,kbendaej@archive.org,Female,213.127.151.119
525,Daniela,Cosgrive,dcosgriveek@dell.com,Female,17.190.2.39
526,Ashly,Blaschke,ablaschkeel@webeden.co.uk,Female,182.141.88.133
527,Renae,Scroggins,rscrogginsem@xinhuanet.com,Female,93.182.133.107
528,Joice,Orbine,jorbineen@mysql.com,Female,60.17.166.46
529,Martica,Pummery,mpummeryeo@gravatar.com,Female,135.182.85.96
530,Dedra,Whapham,dwhaphamep@zdnet.com,Female,173.187.147.235
531,Kelsey,Loudiane,kloudianeeq@census.gov,Male,140.166.16.99
532,Zarla,Pidgley,zpidgleyer@blogs.com,Female,251.240.185.193
533,Brear,Pervew,bpervewes@google.fr,Female,126.159.202.176
534,Janie,Biford,jbifordet@mediafire.com,Female,206.71.123.35
535,Sinclair,Dorre,sdorreeu@ted.com,Male,23.240.21.214
536,Tarrance,Gehring,tgehringev@wordpress.com,Male,144.102.25.104
537,Brandise,Matuszak,bmatuszakew@cnn.com,Female,78.137.73.205
538,Ina,Sheards,isheardsex@dagondesign.com,Female,220.45.226.217
539,Marlee,Cowlishaw,mcowlishawey@imageshack.us,Female,10.174.174.243
540,Davida,Olding,doldingez@comcast.net,Female,74.74.11.208
541,Sandy,Crockett,scrockettf0@wikipedia.org,Female,197.219.1.123
542,Minette,Djekic,mdjekicf1@arizona.edu,Female,77.21.87.110
543,Jervis,Benson,jbensonf2@issuu.com,Male,91.127.176.165
544,Celestine,Mouland,cmoulandf3@hostgator.com,Female,162.70.240.108
545,Milka,Rickman,mrickmanf4@amazon.co.jp,Female,204.66.101.138
546,Fraze,Burstowe,fburstowef5@angelfire.com,Male,222.183.196.44
547,Ford,Macken,fmackenf6@bluehost.com,Male,96.12.214.76
548,Orlando,Zuan,ozuanf7@instagram.com,Male,150.200.64.177
549,Letty,Parlet,lparletf8@reverbnation.com,Female,72.206.251.28
550,Janeta,Deane,jdeanef9@sogou.com,Female,248.216.90.143
551,Winfred,Lankford,wlankfordfa@360.cn,Male,91.56.26.192
552,Kendal,Schroeder,kschroederfb@1688.com,Male,179.205.61.228
553,Vonnie,Dowda,vdowdafc@amazon.co.uk,Female,144.114.178.182
554,Koressa,Grandison,kgrandisonfd@hao123.com,Female,234.235.15.250
555,Edlin,Ambroix,eambroixfe@scientificamerican.com,Male,24.164.45.241
556,Sydel,Ralls,srallsff@youtube.com,Female,105.245.150.143
557,Gill,Penner,gpennerfg@alexa.com,Female,111.35.207.222
558,Donal,Stollberg,dstollbergfh@salon.com,Male,80.200.132.218
559,Anselma,Attrey,aattreyfi@cafepress.com,Female,102.26.178.242
560,Larisa,Wermerling,lwermerlingfj@businessinsider.com,Female,101.113.102.66
561,Katheryn,Munnion,kmunnionfk@nhs.uk,Female,45.150.71.140
562,Callie,Dehm,cdehmfl@vk.com,Female,234.133.208.162
563,Frankie,Scoggan,fscogganfm@virginia.edu,Female,115.14.114.117
564,Gustaf,Bryde,gbrydefn@dedecms.com,Male,211.193.236.113
565,Arda,Perl,aperlfo@google.cn,Female,216.122.82.133
566,Odie,Clunie,ocluniefp@plala.or.jp,Male,51.188.37.224
567,Albie,Timmermann,atimmermannfq@mail.ru,Male,111.24.169.154
568,Tiebold,Kingman,tkingmanfr@bloglines.com,Male,120.221.149.144
569,Mattias,Cargo,mcargofs@cnn.com,Male,185.212.180.140
570,Delmore,Cordle,dcordleft@gizmodo.com,Male,234.79.102.229
571,Farrand,Russel,frusselfu@barnesandnoble.com,Female,125.134.158.123
572,Arlyne,Withur,awithurfv@berkeley.edu,Female,165.33.169.168
573,Candace,Fores,cforesfw@macromedia.com,Female,4.37.165.46
574,Aida,Grebbin,agrebbinfx@sakura.ne.jp,Female,145.175.177.66
575,Ettore,Hillan,ehillanfy@blogger.com,Male,41.225.59.101
576,Kennan,Bartolijn,kbartolijnfz@apache.org,Male,178.84.9.47
577,Frederica,Cluney,fcluneyg0@cdc.gov,Female,73.167.207.45
578,Leila,Brizland,lbrizlandg1@spotify.com,Female,66.8.9.120
579,Jobyna,Coultas,jcoultasg2@topsy.com,Female,89.31.227.109
580,Jemmie,Abrahamsson,jabrahamssong3@imdb.com,Female,148.231.217.117
581,Felice,McGhee,fmcgheeg4@ucoz.ru,Female,193.125.104.207
582,Pandora,Stallard,pstallardg5@oracle.com,Female,253.74.132.116
583,Hanan,Lippard,hlippardg6@fc2.com,Male,148.115.187.96
584,Ad,Axcel,aaxcelg7@sciencedirect.com,Male,55.99.73.0
585,Suellen,Kirkbride,skirkbrideg8@devhub.com,Female,150.211.233.2
586,Brandyn,Menichi,bmenichig9@forbes.com,Male,86.187.235.11
587,Rees,Gatsby,rgatsbyga@cbc.ca,Male,253.79.186.238
588,Jaquenetta,Caswell,jcaswellgb@feedburner.com,Female,238.170.236.173
589,Christabel,Lebond,clebondgc@admin.ch,Female,104.201.27.177
590,Sara,Earngy,searngygd@ovh.net,Female,219.64.22.97
591,Larine,Lugsdin,llugsdinge@nih.gov,Female,214.169.126.14
592,Kelley,Lant,klantgf@buzzfeed.com,Male,52.42.28.177
593,Zabrina,Pardue,zparduegg@photobucket.com,Female,243.190.130.103
594,Ernest,Muddicliffe,emuddicliffegh@jigsy.com,Male,119.16.53.38
595,Gottfried,Laugier,glaugiergi@youtu.be,Male,97.225.229.232
596,Lorri,Osbiston,losbistongj@livejournal.com,Female,203.228.106.245
597,Enrique,Mathwin,emathwingk@google.es,Male,39.231.92.87
598,Bridget,Hembry,bhembrygl@time.com,Female,211.102.142.62
599,Antonius,O'Halleghane,aohalleghanegm@accuweather.com,Male,126.132.173.107
600,Sheryl,Keyden,skeydengn@imageshack.us,Female,150.15.63.114
601,Natale,Westall,nwestallgo@cnet.com,Male,23.128.124.232
602,Maia,Ruddy,mruddygp@toplist.cz,Female,241.218.154.156
603,Eran,Winsom,ewinsomgq@google.com.br,Female,218.148.173.205
604,Solomon,Wingatt,swingattgr@shop-pro.jp,Male,224.12.197.123
605,Ryan,Clemintoni,rclemintonigs@trellian.com,Male,71.155.56.143
606,Margot,Rigge,mriggegt@gnu.org,Female,98.235.24.251
607,Anissa,Gowland,agowlandgu@storify.com,Female,156.124.123.8
608,Lewiss,Sudddard,lsudddardgv@sphinn.com,Male,219.163.233.139
609,Baron,Kinforth,bkinforthgw@naver.com,Male,62.162.117.162
610,Bancroft,Banisch,bbanischgx@barnesandnoble.com,Male,74.38.104.14
611,Eydie,Sennett,esennettgy@github.io,Female,17.30.170.44
612,Lucinda,Clemow,lclemowgz@opensource.org,Female,121.220.132.77
613,Suzie,Capsey,scapseyh0@newyorker.com,Female,71.73.234.91
614,Brandy,Coundley,bcoundleyh1@shutterfly.com,Female,16.75.123.96
615,Yvor,Bushaway,ybushawayh2@cnn.com,Male,220.54.225.192
616,Ricardo,Korneluk,rkornelukh3@linkedin.com,Male,215.22.240.196
617,Isobel,Jeens,ijeensh4@comsenz.com,Female,60.127.235.54
618,Felisha,Burchett,fburchetth5@macromedia.com,Female,147.20.104.212
619,Tiffanie,Coope,tcoopeh6@sourceforge.net,Female,135.105.218.152
620,Jerrylee,Iglesia,jiglesiah7@blogtalkradio.com,Female,231.141.36.243
621,Maris,Stack,mstackh8@nbcnews.com,Female,66.54.85.197
622,Constantine,Pharo,cpharoh9@tripod.com,Male,203.20.244.191
623,Malena,Craddy,mcraddyha@phpbb.com,Female,88.96.68.16
624,Valaree,Fitchet,vfitchethb@fema.gov,Female,72.175.58.57
625,Randal,Iacopetti,riacopettihc@adobe.com,Male,176.235.21.187
626,Payton,Olland,pollandhd@booking.com,Male,240.144.225.136
627,Bernadina,MacGill,bmacgillhe@usa.gov,Female,154.148.234.63
628,Bronnie,Bagger,bbaggerhf@amazonaws.com,Male,219.97.135.239
629,Hussein,Adey,hadeyhg@wufoo.com,Male,61.169.145.164
630,Christina,Pedley,cpedleyhh@cisco.com,Female,164.38.76.73
631,Zechariah,Lealle,zleallehi@newsvine.com,Male,156.188.0.24
632,Malorie,Lamplough,mlamploughhj@elpais.com,Female,235.34.45.227
633,Kevon,Stainbridge,kstainbridgehk@weebly.com,Male,76.214.161.142
634,Redd,Lalevee,rlaleveehl@trellian.com,Male,227.137.154.35
635,Orion,Ching,ochinghm@uol.com.br,Male,179.110.157.191
636,Felita,Heddy,fheddyhn@liveinternet.ru,Female,111.8.95.169
637,Mel,Skells,mskellsho@wiley.com,Male,242.81.44.41
638,Kaitlynn,Farnish,kfarnishhp@admin.ch,Female,153.194.13.64
639,Rozelle,Waby,rwabyhq@google.de,Female,241.67.189.8
640,Devy,Goldson,dgoldsonhr@liveinternet.ru,Male,152.228.155.46
641,Ardine,Price,apricehs@storify.com,Female,242.212.90.155
642,Garrik,Vallentin,gvallentinht@unblog.fr,Male,27.30.38.83
643,Eldridge,Harewood,eharewoodhu@msu.edu,Male,152.203.177.115
644,Malchy,Jackways,mjackwayshv@newyorker.com,Male,178.82.189.150
645,Sheppard,Parsand,sparsandhw@cisco.com,Male,23.198.195.9
646,Jermaine,Klammt,jklammthx@webmd.com,Male,192.35.24.172
647,Elisha,Pearne,epearnehy@columbia.edu,Male,135.161.191.48
648,Amil,Nelhams,anelhamshz@acquirethisname.com,Female,249.206.163.71
649,Meade,Gilbride,mgilbridei0@theglobeandmail.com,Male,194.147.180.46
650,Flinn,Greiswood,fgreiswoodi1@zdnet.com,Male,247.32.230.147
651,Joana,McAnalley,jmcanalleyi2@g.co,Female,199.5.58.33
652,Carleton,Kliesl,ckliesli3@pen.io,Male,178.199.57.241
653,Michaelina,New,mnewi4@merriam-webster.com,Female,64.31.121.211
654,Sheelagh,Olohan,solohani5@newyorker.com,Female,47.4.129.149
655,Hannie,Flucker,hfluckeri6@phpbb.com,Female,120.185.219.63
656,Nettie,Utley,nutleyi7@auda.org.au,Female,151.31.99.169
657,Neilla,Hunnybun,nhunnybuni8@biblegateway.com,Female,111.60.210.146
658,Hillyer,Bonnett,hbonnetti9@list-manage.com,Male,65.112.62.146
659,Kari,Search,ksearchia@cbc.ca,Female,44.152.190.40
660,Berta,Roggerone,broggeroneib@apple.com,Female,242.171.164.209
661,Fiorenze,Kleinhaut,fkleinhautic@ft.com,Female,163.253.177.160
662,Arleta,Crosdill,acrosdillid@webeden.co.uk,Female,134.151.171.252
663,Renado,Crunkhorn,rcrunkhornie@arstechnica.com,Male,34.166.157.243
664,Rupert,Aupol,raupolif@people.com.cn,Male,30.7.159.202
665,Genevieve,Vaines,gvainesig@google.nl,Female,203.116.71.154
666,Fitz,Jurs,fjursih@phpbb.com,Male,34.5.203.181
667,Cyndia,Sides,csidesii@nytimes.com,Female,115.192.206.187
668,Allan,Dartnall,adartnallij@istockphoto.com,Male,157.154.197.40
669,Blancha,March,bmarchik@jiathis.com,Female,40.227.210.174
670,Artemas,Kinzel,akinzelil@plala.or.jp,Male,230.76.134.224
671,Vicky,Atcheson,vatchesonim@shareasale.com,Female,23.82.174.194
672,Elmer,Flanne,eflannein@unblog.fr,Male,2.55.4.142
673,Davis,Moscon,dmosconio@yandex.ru,Male,71.51.188.99
674,Patrizio,Dawidowicz,pdawidowiczip@smh.com.au,Male,219.212.122.39
675,Emalia,Dufer,eduferiq@livejournal.com,Female,249.160.239.239
676,Esdras,Robun,erobunir@shareasale.com,Male,53.185.191.98
677,Milissent,Robken,mrobkenis@microsoft.com,Female,235.126.39.22
678,Lorette,Fulle,lfulleit@ask.com,Female,60.138.129.156
679,Blanch,Sloper,bsloperiu@ucla.edu,Female,107.173.5.52
680,Park,Drei,pdreiiv@uol.com.br,Male,168.28.60.113
681,Mahala,Laurenty,mlaurentyiw@shareasale.com,Female,59.63.249.16
682,Burch,Lasty,blastyix@bizjournals.com,Male,138.136.206.56
683,Ulrike,Dee,udeeiy@si.edu,Female,209.190.176.223
684,Spence,Kettlewell,skettlewelliz@mapy.cz,Male,70.153.35.3
685,Tammy,Leverette,tleverettej0@japanpost.jp,Male,231.163.60.143
686,Saree,Pregel,spregelj1@altervista.org,Female,130.98.241.56
687,Yul,Cotta,ycottaj2@abc.net.au,Male,55.168.255.48
688,Julius,Diggles,jdigglesj3@harvard.edu,Male,13.12.164.44
689,Felice,Cranmere,fcranmerej4@wsj.com,Female,191.114.25.117
690,Lemuel,McPolin,lmcpolinj5@scientificamerican.com,Male,255.233.25.65
691,Mathian,Coolican,mcoolicanj6@angelfire.com,Male,12.224.232.229
692,Lennard,Newband,lnewbandj7@imageshack.us,Male,195.97.3.179
693,Marwin,Motten,mmottenj8@wisc.edu,Male,124.108.63.20
694,Tildi,Greenlies,tgreenliesj9@stumbleupon.com,Female,127.75.86.230
695,Iggie,Murfett,imurfettja@jimdo.com,Male,238.230.5.134
696,Ogdon,Orrum,oorrumjb@constantcontact.com,Male,8.174.37.234
697,Anallise,Duinbleton,aduinbletonjc@pinterest.com,Female,160.73.185.21
698,Aveline,Eisenberg,aeisenbergjd@nature.com,Female,0.236.253.16
699,Raimund,Fountain,rfountainje@infoseek.co.jp,Male,226.147.209.146
700,Frederich,Sinclar,fsinclarjf@deliciousdays.com,Male,6.78.111.49
701,Tamma,Clewer,tclewerjg@ftc.gov,Female,247.117.41.47
702,Graeme,Phillot,gphillotjh@tripadvisor.com,Male,80.32.153.145
703,Bordy,Epps,beppsji@accuweather.com,Male,105.245.144.44
704,Bron,Reihill,breihilljj@upenn.edu,Male,47.162.80.95
705,Francesca,Cartin,fcartinjk@bandcamp.com,Female,100.61.206.113
706,Franzen,Aaron,faaronjl@lycos.com,Male,221.82.72.6
707,Bettye,Olennikov,bolennikovjm@yolasite.com,Female,123.192.49.48
708,Kaela,Twentyman,ktwentymanjn@businessinsider.com,Female,9.45.116.166
709,Maryanne,Pharaoh,mpharaohjo@wordpress.org,Female,63.35.231.64
710,Lyell,Cowden,lcowdenjp@salon.com,Male,230.215.43.40
711,Mead,Goulder,mgoulderjq@wired.com,Male,73.206.56.223
712,Casandra,Lodford,clodfordjr@msu.edu,Female,48.160.220.84
713,Justinn,Oxbe,joxbejs@google.ca,Female,234.169.33.242
714,Mariellen,Draisey,mdraiseyjt@noaa.gov,Female,150.0.229.18
715,Haleigh,Reek,hreekju@nature.com,Female,183.100.136.78
716,Luce,Rosiello,lrosiellojv@edublogs.org,Male,118.41.60.123
717,Shina,Radwell,sradwelljw@economist.com,Female,181.69.114.80
718,Gideon,Churchouse,gchurchousejx@statcounter.com,Male,245.5.18.94
719,Clarissa,Kinze,ckinzejy@icio.us,Female,37.253.8.191
720,Eugene,Skippings,eskippingsjz@alexa.com,Male,25.203.48.9
721,Dael,Agget,daggetk0@webnode.com,Male,105.108.200.138
722,Goldie,Le land,glelandk1@slate.com,Female,60.50.240.248
723,Georgia,MacPharlain,gmacpharlaink2@wsj.com,Female,133.55.101.16
724,Sunshine,Djordjevic,sdjordjevick3@51.la,Female,56.147.96.75
725,Fidelity,Cudiff,fcudiffk4@hhs.gov,Female,181.68.36.80
726,Lutero,Damarell,ldamarellk5@mapy.cz,Male,205.189.65.95
727,Jessalin,Messer,jmesserk6@alibaba.com,Female,210.92.63.236
728,Clyve,McLaughlan,cmclaughlank7@msu.edu,Male,239.12.178.208
729,Spenser,Vesque,svesquek8@engadget.com,Male,163.190.60.52
730,Sayres,De Simone,sdesimonek9@jiathis.com,Male,127.61.7.236
731,Collie,Baldelli,cbaldellika@ehow.com,Female,156.254.219.120
732,Nobe,Buessen,nbuessenkb@usnews.com,Male,251.0.215.178
733,Godfrey,Gaize,ggaizekc@plala.or.jp,Male,211.107.141.157
734,Kim,Winstone,kwinstonekd@gmpg.org,Female,225.97.129.220
735,Adlai,Antony,aantonyke@gnu.org,Male,92.90.154.248
736,Stanislas,Tembey,stembeykf@bloomberg.com,Male,252.211.77.234
737,Danella,Bartocci,dbartoccikg@dailymotion.com,Female,213.47.173.246
738,Faustine,Luckin,fluckinkh@gnu.org,Female,201.88.110.51
739,Otho,Goosnell,ogoosnellki@skype.com,Male,218.181.77.31
740,Amie,Guice,aguicekj@ycombinator.com,Female,93.104.126.70
741,Noelyn,Maffi,nmaffikk@theguardian.com,Female,21.234.140.249
742,Axe,Perrinchief,aperrinchiefkl@yahoo.co.jp,Male,229.77.180.126
743,Sauncho,Spraggs,sspraggskm@webmd.com,Male,21.43.186.85
744,Jeannine,Glandon,jglandonkn@upenn.edu,Female,181.80.60.145
745,Basia,Corderoy,bcorderoyko@4shared.com,Female,78.207.187.105
746,Elke,Jeannin,ejeanninkp@tumblr.com,Female,0.175.164.18
747,Marlow,Braunter,mbraunterkq@businessweek.com,Male,194.161.172.16
748,Lenka,Teliga,lteligakr@lycos.com,Female,83.145.144.113
749,Otho,Brickner,obricknerks@gmpg.org,Male,59.68.225.79
750,Sebastiano,Maryin,smaryinkt@washingtonpost.com,Male,167.156.243.101
751,Darryl,Sellan,dsellanku@acquirethisname.com,Female,179.63.34.111
752,Lesly,Knutsen,lknutsenkv@flickr.com,Female,107.128.147.176
753,Garrek,Paviour,gpaviourkw@microsoft.com,Male,111.139.114.248
754,Marnie,Hinnerk,mhinnerkkx@independent.co.uk,Female,11.239.243.109
755,Rufus,Wassung,rwassungky@over-blog.com,Male,115.51.191.116
756,Jonell,Waby,jwabykz@dot.gov,Female,174.227.165.196
757,Ermengarde,MacKellar,emackellarl0@archive.org,Female,19.85.188.128
758,Susie,Di Matteo,sdimatteol1@forbes.com,Female,79.51.9.186
759,Ainsley,Abrahamoff,aabrahamoffl2@home.pl,Female,29.99.64.207
760,Harman,Tokley,htokleyl3@ameblo.jp,Male,225.81.217.237
761,Hashim,Goodrich,hgoodrichl4@guardian.co.uk,Male,112.95.187.93
762,Katha,Deplacido,kdeplacidol5@java.com,Female,151.216.194.144
763,Marney,Pavie,mpaviel6@flavors.me,Female,15.195.219.184
764,Berthe,Skarman,bskarmanl7@rambler.ru,Female,9.10.27.121
765,Charmion,Kamiyama,ckamiyamal8@usnews.com,Female,163.189.26.148
766,Elora,Mooney,emooneyl9@google.co.uk,Female,109.167.158.208
767,Leupold,Colleer,lcolleerla@hhs.gov,Male,150.29.193.161
768,Lorens,Yegorov,lyegorovlb@desdev.cn,Male,175.43.95.207
769,Layla,Sivior,lsiviorlc@cnn.com,Female,114.244.95.125
770,Manfred,Jadczak,mjadczakld@mit.edu,Male,181.218.56.56
771,Callean,Ainscow,cainscowle@devhub.com,Male,115.78.170.187
772,Dorrie,Bagshaw,dbagshawlf@craigslist.org,Female,179.214.114.67
773,Esma,Grieger,egriegerlg@amazonaws.com,Female,106.153.65.12
774,Joelly,Martill,jmartilllh@boston.com,Female,200.214.228.3
775,Deidre,Creasy,dcreasyli@parallels.com,Female,129.51.76.216
776,Gaspard,Thominga,gthomingalj@smugmug.com,Male,70.165.206.114
777,Artair,Ecob,aecoblk@nsw.gov.au,Male,232.144.186.74
778,Gerri,Cosbee,gcosbeell@cbc.ca,Female,91.209.5.20
779,Teddy,Roggieri,troggierilm@photobucket.com,Female,115.76.44.183
780,Amby,Cecchi,acecchiln@ask.com,Male,244.161.66.98
781,Antonella,Matushevitz,amatushevitzlo@nydailynews.com,Female,57.86.51.111
782,Bat,Dawkins,bdawkinslp@tumblr.com,Male,182.250.217.59
783,Tarrance,Wooffinden,twooffindenlq@ucoz.ru,Male,35.239.133.97
784,Lola,Ambrosch,lambroschlr@skype.com,Female,185.136.196.155
785,Rivi,Drake,rdrakels@qq.com,Female,94.196.98.8
786,Beryle,Klimczak,bklimczaklt@moonfruit.com,Female,164.138.155.15
787,Angelo,Roydon,aroydonlu@linkedin.com,Male,64.98.95.123
788,Lloyd,Cradick,lcradicklv@nytimes.com,Male,121.219.66.213
789,Jo,Ewins,jewinslw@globo.com,Male,132.49.11.172
790,Alameda,Woollard,awoollardlx@issuu.com,Female,68.190.236.243
791,Diann,Gerrard,dgerrardly@com.com,Female,107.252.127.17
792,Abelard,Mauchlen,amauchlenlz@unblog.fr,Male,235.203.150.102
793,Glynn,Yerrell,gyerrellm0@soundcloud.com,Male,37.24.231.184
794,Claus,Caine,ccainem1@linkedin.com,Male,85.78.4.104
795,Toiboid,Hubble,thubblem2@utexas.edu,Male,47.121.230.15
796,Obediah,Byart,obyartm3@delicious.com,Male,15.25.121.228
797,Joceline,Wickson,jwicksonm4@hatena.ne.jp,Female,152.187.200.5
798,Haslett,Leinthall,hleinthallm5@behance.net,Male,153.12.65.120
799,Arlena,Mishow,amishowm6@phoca.cz,Female,90.95.69.107
800,Stacey,Davys,sdavysm7@engadget.com,Female,106.29.135.202
801,Nonah,Brisset,nbrissetm8@wikimedia.org,Female,63.18.231.71
802,Freddie,Addess,faddessm9@si.edu,Male,167.19.70.178
803,Ly,Archdeckne,larchdecknema@bloglovin.com,Male,251.26.215.93
804,Javier,Mallison,jmallisonmb@photobucket.com,Male,101.226.2.99
805,Fania,Speechly,fspeechlymc@blogger.com,Female,16.191.28.57
806,Fitz,Beachamp,fbeachampmd@elpais.com,Male,29.220.15.89
807,Holly-anne,Birkhead,hbirkheadme@forbes.com,Female,116.30.86.217
808,Kile,Moizer,kmoizermf@statcounter.com,Male,41.14.66.48
809,Ruby,Vamplus,rvamplusmg@trellian.com,Male,182.92.31.26
810,Mendie,Brion,mbrionmh@indiatimes.com,Male,162.230.161.62
811,Lilas,Canto,lcantomi@nasa.gov,Female,231.162.166.218
812,Rodi,Lghan,rlghanmj@github.com,Female,167.255.160.157
813,Ancell,Slinn,aslinnmk@cyberchimps.com,Male,15.4.204.14
814,Engelbert,Bellow,ebellowml@bravesites.com,Male,94.92.225.27
815,Tye,Esilmon,tesilmonmm@mashable.com,Male,18.247.58.107
816,Floyd,Oswell,foswellmn@berkeley.edu,Male,114.105.173.219
817,Kissee,Longfield,klongfieldmo@twitter.com,Female,81.85.215.253
818,Karney,Antonescu,kantonescump@ibm.com,Male,145.208.17.63
819,Dallas,Bortoluzzi,dbortoluzzimq@devhub.com,Male,17.127.55.122
820,Ynez,Newcom,ynewcommr@mapy.cz,Female,243.226.52.5
821,Kiley,Crosetto,kcrosettoms@reference.com,Female,19.247.74.188
822,Rollo,Belderson,rbeldersonmt@globo.com,Male,195.95.100.152
823,Aloisia,Critoph,acritophmu@lycos.com,Female,75.204.107.13
824,Putnam,Sales,psalesmv@mlb.com,Male,55.144.232.108
825,Melesa,Ovitts,movittsmw@answers.com,Female,91.211.200.22
826,Ransom,Starbucke,rstarbuckemx@quantcast.com,Male,158.247.63.153
827,Pierrette,McCann,pmccannmy@digg.com,Female,236.230.207.251
828,Genia,Biasioni,gbiasionimz@opensource.org,Female,102.70.112.101
829,Arly,Littrell,alittrelln0@hostgator.com,Female,117.39.181.141
830,Donella,Benneton,dbennetonn1@google.ru,Female,27.235.63.199
831,Raviv,Agdahl,ragdahln2@exblog.jp,Male,187.166.161.191
832,Heidie,Isaacson,hisaacsonn3@last.fm,Female,36.177.158.83
833,Sammy,Bareham,sbarehamn4@surveymonkey.com,Male,123.201.117.214
834,Yvor,Kropach,ykropachn5@google.de,Male,9.135.215.72
835,Issiah,Crannis,icrannisn6@msu.edu,Male,118.69.207.157
836,Andra,Attersoll,aattersolln7@surveymonkey.com,Female,67.180.149.136
837,Garrot,Stormes,gstormesn8@mail.ru,Male,242.221.254.69
838,Mariquilla,Lande,mlanden9@senate.gov,Female,153.240.5.148
839,Meryl,Leek,mleekna@slate.com,Male,243.220.26.235
840,Marjy,Klas,mklasnb@lulu.com,Female,143.203.132.221
841,Ricca,Scamal,rscamalnc@gravatar.com,Female,154.200.144.238
842,Baron,McIlwrick,bmcilwricknd@walmart.com,Male,60.173.159.55
843,Dunstan,Meah,dmeahne@nyu.edu,Male,143.118.50.171
844,Della,Antoshin,dantoshinnf@ihg.com,Female,246.114.90.185
845,Stern,Wynett,swynettng@hud.gov,Male,8.19.166.217
846,Rex,Hubeaux,rhubeauxnh@ft.com,Male,88.28.94.136
847,Kenyon,McChruiter,kmcchruiterni@typepad.com,Male,164.68.187.159
848,Khalil,Gronaller,kgronallernj@posterous.com,Male,45.172.147.85
849,Beaufort,Ojeda,bojedank@bizjournals.com,Male,153.254.68.138
850,Wayland,O' Mara,womaranl@npr.org,Male,174.224.135.186
851,Darcie,Dedden,ddeddennm@reverbnation.com,Female,121.129.150.95
852,Desmond,Fulger,dfulgernn@liveinternet.ru,Male,98.96.222.151
853,Gale,Jendrich,gjendrichno@yahoo.com,Male,231.104.159.90
854,Gisele,Blewis,gblewisnp@unicef.org,Female,37.226.135.220
855,Vivianna,Hoonahan,vhoonahannq@indiegogo.com,Female,137.251.31.3
856,Michale,Preddle,mpreddlenr@senate.gov,Male,1.81.101.35
857,Howard,Loges,hlogesns@stumbleupon.com,Male,184.102.203.188
858,Judie,Elleton,jelletonnt@archive.org,Female,117.247.99.48
859,Philipa,Huckster,phucksternu@zimbio.com,Female,194.56.113.150
860,Burnard,Rattenberie,brattenberienv@prnewswire.com,Male,220.175.160.136
861,Clevie,Youhill,cyouhillnw@springer.com,Male,107.100.175.37
862,Anastasia,Dowell,adowellnx@barnesandnoble.com,Female,196.170.97.240
863,Cobb,Onyon,conyonny@vkontakte.ru,Male,105.31.76.192
864,Loutitia,Rennolds,lrennoldsnz@hibu.com,Female,230.241.228.178
865,Rochester,Colbron,rcolbrono0@sourceforge.net,Male,214.62.27.223
866,Oriana,Guidone,oguidoneo1@economist.com,Female,87.246.123.239
867,Atlante,Falla,afallao2@virginia.edu,Female,100.173.63.38
868,Rozalie,Grigor,rgrigoro3@bloglovin.com,Female,130.120.133.220
869,Lalo,Boddie,lboddieo4@umn.edu,Male,146.234.229.175
870,Fabien,Varley,fvarleyo5@ucoz.ru,Male,26.11.151.96
871,Poul,Jaher,pjahero6@chron.com,Male,58.61.227.226
872,Kora,Synan,ksynano7@shinystat.com,Female,254.56.123.43
873,Roman,Brunon,rbrunono8@slideshare.net,Male,184.72.67.39
874,Leigh,Pattie,lpattieo9@blog.com,Female,174.124.251.66
875,Joshua,Pitfield,jpitfieldoa@scribd.com,Male,199.18.232.64
876,Angelo,Labba,alabbaob@creativecommons.org,Male,204.187.15.70
877,Blair,Falla,bfallaoc@addthis.com,Male,251.73.14.55
878,Fitz,Withnall,fwithnallod@sogou.com,Male,1.95.50.134
879,Germaine,Stoppe,gstoppeoe@shinystat.com,Male,123.48.128.159
880,Farley,Coldman,fcoldmanof@a8.net,Male,30.235.213.7
881,Debbie,Munton,dmuntonog@xrea.com,Female,63.51.83.171
882,Valentina,Hazard,vhazardoh@yellowbook.com,Female,65.52.214.34
883,Giordano,Ditts,gdittsoi@cmu.edu,Male,101.207.23.63
884,Bo,Darnbrough,bdarnbroughoj@typepad.com,Male,48.27.101.251
885,Vinni,Longfut,vlongfutok@blogger.com,Female,207.235.72.180
886,Aubrey,Ourtic,aourticol@theguardian.com,Male,140.212.3.254
887,Zsazsa,Greenaway,zgreenawayom@quantcast.com,Female,248.67.34.50
888,Kennith,Kirstein,kkirsteinon@flavors.me,Male,26.199.156.151
889,Tommie,Edds,teddsoo@vinaora.com,Female,44.82.126.18
890,Andrew,Hitscher,ahitscherop@studiopress.com,Male,164.100.64.232
891,Garvin,McAulay,gmcaulayoq@uol.com.br,Male,168.126.223.2
892,Lira,Hartzenberg,lhartzenbergor@woothemes.com,Female,36.151.54.164
893,Hakeem,Pinnijar,hpinnijaros@usa.gov,Male,237.45.124.242
894,Garvin,Pember,gpemberot@sciencedirect.com,Male,220.54.130.155
895,Erminia,O'Hannigan,eohanniganou@eventbrite.com,Female,186.212.148.64
896,Ivett,Goly,igolyov@people.com.cn,Female,94.101.236.23
897,Adara,Geratasch,agerataschow@xrea.com,Female,178.47.90.187
898,Cheri,Dutchburn,cdutchburnox@google.ca,Female,151.21.13.86
899,Lexi,Decreuze,ldecreuzeoy@printfriendly.com,Female,210.150.216.22
900,Fons,Walkden,fwalkdenoz@earthlink.net,Male,253.19.167.84
901,Filide,Luckhurst,fluckhurstp0@npr.org,Female,189.43.195.117
902,Lewie,Adamsky,ladamskyp1@bizjournals.com,Male,179.100.30.3
903,Cathee,Munnis,cmunnisp2@symantec.com,Female,39.190.86.190
904,Beret,Gever,bgeverp3@blinklist.com,Female,133.137.204.106
905,Bartlett,O'Cullinane,bocullinanep4@paypal.com,Male,204.219.89.248
906,Vinni,Rowett,vrowettp5@bloomberg.com,Female,232.36.26.53
907,Tabbie,Hofer,thoferp6@4shared.com,Male,57.251.32.226
908,Reilly,Fuzzey,rfuzzeyp7@meetup.com,Male,136.237.105.197
909,Mariejeanne,Braidwood,mbraidwoodp8@edublogs.org,Female,56.192.159.72
910,Electra,Janata,ejanatap9@flavors.me,Female,55.122.190.104
911,Rosco,Demke,rdemkepa@bloglovin.com,Male,102.68.18.36
912,Marian,Sorel,msorelpb@jalbum.net,Female,85.52.106.90
913,Ambrosi,Suddell,asuddellpc@vistaprint.com,Male,236.12.79.253
914,Caz,Martinello,cmartinellopd@linkedin.com,Male,223.172.163.67
915,Kassie,Huey,khueype@tripod.com,Female,17.77.10.253
916,Kim,Bruckman,kbruckmanpf@slate.com,Female,238.220.35.174
917,Bobbie,Billes,bbillespg@google.ca,Male,129.161.185.34
918,Mattias,Wibrew,mwibrewph@rediff.com,Male,163.101.180.149
919,Gwenny,Dingsdale,gdingsdalepi@nifty.com,Female,251.47.11.93
920,Ignacius,Loncaster,iloncasterpj@cyberchimps.com,Male,123.104.58.231
921,Mellisent,Easterling,measterlingpk@about.com,Female,80.46.212.93
922,Robena,Belchem,rbelchempl@com.com,Female,145.146.98.250
923,Gennie,O'Drought,godroughtpm@ocn.ne.jp,Female,219.44.34.114
924,Bernete,Lailey,blaileypn@eepurl.com,Female,35.46.109.3
925,Hilary,Trewin,htrewinpo@prweb.com,Female,20.74.58.255
926,Bruce,Blinerman,bblinermanpp@amazon.de,Male,90.182.48.198
927,Erica,McIsaac,emcisaacpq@sciencedirect.com,Female,140.12.106.13
928,Zebulen,Bright,zbrightpr@infoseek.co.jp,Male,115.208.10.11
929,Maiga,Johnsey,mjohnseyps@godaddy.com,Female,31.210.123.16
930,Roz,Scarlin,rscarlinpt@woothemes.com,Female,202.210.187.156
931,Obidiah,Purchon,opurchonpu@imgur.com,Male,68.9.165.239
932,Paton,Turban,pturbanpv@scientificamerican.com,Male,98.77.121.15
933,Coretta,Munslow,cmunslowpw@elpais.com,Female,139.162.103.166
934,Grethel,Balassa,gbalassapx@spotify.com,Female,27.210.60.76
935,Tamra,Lineham,tlinehampy@multiply.com,Female,35.246.154.228
936,Zita,Michelet,zmicheletpz@hc360.com,Female,188.44.31.81
937,Charlene,Bridgett,cbridgettq0@sogou.com,Female,196.135.226.254
938,Georgeanna,Monksfield,gmonksfieldq1@github.io,Female,117.207.58.45
939,Alexandr,Constable,aconstableq2@addthis.com,Male,101.227.125.47
940,Henderson,Dunlap,hdunlapq3@patch.com,Male,157.177.113.64
941,Dev,Johanchon,djohanchonq4@bbc.co.uk,Male,87.128.22.105
942,Joaquin,Novacek,jnovacekq5@amazon.de,Male,110.177.192.16
943,Frieda,Muffin,fmuffinq6@cyberchimps.com,Female,172.78.185.211
944,Ivonne,Collimore,icollimoreq7@t.co,Female,106.193.119.170
945,Rene,Tatershall,rtatershallq8@japanpost.jp,Female,201.53.249.161
946,Pail,Downing,pdowningq9@deliciousdays.com,Male,202.75.4.230
947,Maddy,Moorhead,mmoorheadqa@disqus.com,Male,27.101.54.254
948,Paulina,Buckland,pbucklandqb@howstuffworks.com,Female,200.13.52.197
949,Hadrian,Foulser,hfoulserqc@last.fm,Male,215.51.79.180
950,Ketty,Garmanson,kgarmansonqd@usnews.com,Female,200.95.11.48
951,Belita,Baudassi,bbaudassiqe@blog.com,Female,241.140.36.103
952,Stern,Macourek,smacourekqf@tripod.com,Male,77.17.14.206
953,Malorie,Gerrets,mgerretsqg@baidu.com,Female,46.211.140.123
954,Gretal,Hawkyens,ghawkyensqh@nih.gov,Female,129.218.114.200
955,Nikolaos,Eldredge,neldredgeqi@newyorker.com,Male,13.203.247.35
956,Carlee,Korpolak,ckorpolakqj@ebay.com,Female,172.77.226.84
957,Cordie,Orridge,corridgeqk@businesswire.com,Male,106.124.210.15
958,Ezequiel,Schiesterl,eschiesterlql@fc2.com,Male,7.1.172.60
959,Kesley,Tallman,ktallmanqm@dot.gov,Female,253.94.232.194
960,Otto,Christophe,ochristopheqn@globo.com,Male,243.30.57.179
961,Anson,Harburtson,aharburtsonqo@networksolutions.com,Male,233.200.140.136
962,Arther,Mc Comb,amccombqp@huffingtonpost.com,Male,78.197.219.168
963,Kimble,Crickmoor,kcrickmoorqq@cmu.edu,Male,51.19.76.226
964,Jacquie,Ecclestone,jecclestoneqr@si.edu,Female,143.158.139.150
965,Bank,Rubinfajn,brubinfajnqs@cargocollective.com,Male,189.32.147.182
966,Bobbi,Chesshyre,bchesshyreqt@creativecommons.org,Female,62.193.155.47
967,Jarrod,Larner,jlarnerqu@dmoz.org,Male,129.232.248.63
968,Rawley,Gosselin,rgosselinqv@princeton.edu,Male,151.38.37.66
969,Toby,Farey,tfareyqw@smugmug.com,Female,190.33.138.19
970,Halie,Swayton,hswaytonqx@purevolume.com,Female,99.191.228.165
971,Darcey,Meers,dmeersqy@cafepress.com,Female,135.105.167.34
972,Pat,Offa,poffaqz@indiegogo.com,Male,226.108.85.226
973,Myron,Dumphy,mdumphyr0@cbsnews.com,Male,246.186.180.247
974,Sib,Hitter,shitterr1@ning.com,Female,223.183.160.4
975,Sonya,Leinthall,sleinthallr2@engadget.com,Female,76.36.168.191
976,Gretal,Curman,gcurmanr3@cnn.com,Female,24.113.49.20
977,Leanora,Royl,lroylr4@indiatimes.com,Female,207.19.194.125
978,Brandice,Joinson,bjoinsonr5@t.co,Female,189.20.224.240
979,Teddy,Treacy,ttreacyr6@huffingtonpost.com,Male,148.52.146.224
980,Rodolphe,Bremley,rbremleyr7@washingtonpost.com,Male,244.61.245.114
981,Marga,Livesey,mliveseyr8@yellowbook.com,Female,250.192.78.225
982,Marabel,Stubbings,mstubbingsr9@bloglovin.com,Female,7.122.247.151
983,Cassondra,MacAndrew,cmacandrewra@businessinsider.com,Female,103.84.38.194
984,Gilligan,Pratchett,gpratchettrb@twitpic.com,Female,61.99.82.131
985,Filippo,Crankhorn,fcrankhornrc@bing.com,Male,51.34.30.52
986,Audry,Schulter,aschulterrd@usda.gov,Female,232.173.216.45
987,Berkeley,McLinden,bmclindenre@harvard.edu,Male,204.4.112.180
988,Tammie,Dunton,tduntonrf@google.cn,Male,99.158.97.182
989,Vonny,Wainwright,vwainwrightrg@wiley.com,Female,226.195.223.89
990,Joycelin,Plet,jpletrh@hugedomains.com,Female,91.17.252.243
991,Saunders,Gossington,sgossingtonri@w3.org,Male,82.61.205.46
992,Seth,Archambault,sarchambaultrj@cnn.com,Male,75.92.214.167
993,Dasha,Rau,draurk@yale.edu,Female,252.58.20.130
994,Franchot,Hemshall,fhemshallrl@npr.org,Male,224.195.134.123
995,Carmelia,Lates,clatesrm@stumbleupon.com,Female,206.191.215.155
996,Pansie,Pendock,ppendockrn@wikispaces.com,Female,26.2.49.124
997,Gunner,Duggan,gdugganro@amazon.co.uk,Male,238.144.130.124
998,Rene,Clarage,rclaragerp@canalblog.com,Male,173.232.82.179
999,Antone,Sibly,asiblyrq@epa.gov,Male,16.248.174.175
1000,Florencia,Twigley,ftwigleyrr@spiegel.de,Female,220.129.215.226
